symbol,date,rs,rsi,ema10,ema20,ema30,ema50,ema100,ema200,volume20,volume50
 ADANIPORTS.NS,2023-01-31,,,612.6500244140625,612.6500244140625,612.6500244140625,612.6500244140625,612.6500244140625,612.6500244140625,,
 ADANIPORTS.NS,2023-02-01,,,591.2863825017755,601.4595453171503,605.0693772838962,608.0421800800398,610.3232911364867,611.4808698815493,,
 ADANIPORTS.NS,2023-02-02,,,567.861587902731,588.2205421638056,595.8681279240984,602.3326833007061,607.3951073953093,609.9979757753352,,
 ADANIPORTS.NS,2023-02-03,,,555.3140275756009,579.709062539016,589.6088942582544,598.2745390968947,605.2456994489372,608.892025828352,,
 ADANIPORTS.NS,2023-02-06,,,553.520570235861,576.4462958407318,586.7599341259174,596.2029890227824,604.061626434246,608.2607620112244,,
 ADANIPORTS.NS,2023-02-07,,,553.4531982682612,574.2276033239061,584.5915528541849,594.5146374694992,603.0534758991928,607.712396462994,,
 ADANIPORTS.NS,2023-02-08,,,561.7798894922137,576.6106887216293,585.5372591216568,594.7003379608915,602.9781595447532,607.6281935131135,,
 ADANIPORTS.NS,2023-02-09,,,565.5108164559873,577.1525267284236,585.3284029069027,594.2140497190121,602.5686907971931,607.3761715656493,,
 ADANIPORTS.NS,2023-02-10,,,568.8633975016317,577.7999062978148,585.239474474653,593.8115384440324,602.2000040924374,607.1430754526283,,
 ADANIPORTS.NS,2023-02-13,,,566.1064183571589,575.5046782891687,583.204670457387,592.2385374151304,601.2396082135185,606.6113036790402,,
 ADANIPORTS.NS,2023-02-14,,,565.9234287623913,574.5137542221944,582.0366256269709,591.1742800884954,600.5239719238634,606.1982556383128,,
 ADANIPORTS.NS,2023-02-15,,,566.4918940406781,573.993395514649,581.1987780247773,590.3066607827884,599.9007247133507,605.828621132389,,
 ADANIPORTS.NS,2023-02-16,,,568.4388246163786,574.2987875805902,580.9407931333099,589.7926745641313,599.4512056538196,605.5437593520371,,
 ADANIPORTS.NS,2023-02-17,0.8277609128928867,45.288248974683945,570.2954063977757,574.7131910885399,580.7930016030359,589.3557078915795,599.0393010748145,605.2761599994204,,
 ADANIPORTS.NS,2023-02-20,0.8334891598274653,45.459181220678616,572.0053347267311,575.1881264331581,580.7224861581325,588.9770531588522,598.6563448596108,605.0216709666604,,
 ADANIPORTS.NS,2023-02-21,0.8540523366035668,46.064089979687566,574.0407306322402,575.951163173527,580.8823265483841,588.7505025332906,598.3502788664904,604.8045400337287,,
 ADANIPORTS.NS,2023-02-22,0.695250416802053,41.011664702232274,569.1424115329124,573.203431022328,578.7028200346779,587.1171485353552,597.3354213757864,604.2303652631039,,
 ADANIPORTS.NS,2023-02-23,0.7215980685051678,41.914432973993655,565.998332269826,571.1697685998146,576.9703784573398,585.734122145182,596.4347194789576,603.7091673558684,,
 ADANIPORTS.NS,2023-02-24,0.7637119346458552,43.30139858123741,564.7077308415054,570.0012215345048,575.8045491642253,584.6818045870989,595.6914581905438,603.2633052370446,,
 ADANIPORTS.NS,2023-02-27,0.7836542667507226,43.93532319345179,564.2154161430499,569.2392004359805,574.9139330891139,583.7923220542715,595.0243006026122,602.8527250854323,27887236.55,
 ADANIPORTS.NS,2023-02-28,0.9946092676914133,49.864867460612324,569.3489790637738,571.4497539379853,576.0452930322053,584.131839315164,594.9733245947789,602.7492155045527,27491625.85,
 ADANIPORTS.NS,2023-03-01,1.0666059862620505,51.61148246702129,575.3037057041671,574.3688226663618,577.7262402937365,584.8364721100963,595.114446396584,602.7427554058601,26096798.15,
 ADANIPORTS.NS,2023-03-02,1.233728929484059,55.23181050303281,583.9575818332389,578.9908418804285,580.6406779789189,586.3291604357421,595.6646558622766,602.9433252467377,21374949.7,
 ADANIPORTS.NS,2023-03-03,1.768039008085225,63.87334148546756,602.2652986661159,589.053621169346,587.3509583940895,590.1848805917547,597.4267423682526,603.7563272285021,19033454.8,
 ADANIPORTS.NS,2023-03-06,1.8248809863935704,64.60027856689757,618.3534261813675,598.7389905817893,594.0218643041483,594.1286107646271,599.274727667891,604.6219359127956,18987029.15,
 ADANIPORTS.NS,2023-03-08,2.0386304953187118,67.09043756585109,635.389164656204,609.5305141257112,601.6365819485883,598.7529784912288,601.5079011357143,605.6908717523993,17666121.7,
 ADANIPORTS.NS,2023-03-09,1.7575227749858064,63.73556697078786,646.6365892641669,617.8847508756435,607.8051895648084,602.6156067856904,603.4037842815417,606.6019078543655,16962596.85,
 ADANIPORTS.NS,2023-03-10,1.7630411426648673,63.807994583984694,655.9390253603126,625.4957258201507,613.6113055795286,606.3483276095053,605.2730160342431,607.5093514358441,16444828.7,
 ADANIPORTS.NS,2023-03-13,1.494900836682887,59.918246637427195,660.5319320597159,630.8008959522346,617.971867297432,609.2836877898004,606.7765209089517,608.2425918415277,16303136.15,
 ADANIPORTS.NS,2023-03-14,1.1831951484717917,54.19557428478224,659.4352171397676,633.0579534805933,620.3285210201784,611.0568765039259,607.7215402968933,608.7028645595224,16234075.75,
 ADANIPORTS.NS,2023-03-15,1.3921880485719904,58.19726628109579,663.0560823117985,637.466717490626,624.1363567986144,613.7350372522401,609.139925154102,609.4058208881435,16110997.95,
 ADANIPORTS.NS,2023-03-16,1.3944523292375048,58.23679645698178,666.0640629070964,641.4794087377985,627.7146547848935,616.3179760104243,610.5351736775046,610.104270188619,16297615.0,
 ADANIPORTS.NS,2023-03-17,1.4017676975414748,58.36399993955987,668.6615015759766,645.1813674852403,631.110481933348,618.8290348173073,611.917645002424,610.8032324313784,16183418.75,
 ADANIPORTS.NS,2023-03-20,1.2265482233571388,55.08743132038601,668.3139558348898,647.2355229628365,633.4098056795835,620.7082883538834,613.0034342102967,611.3599166857925,16001906.2,
 ADANIPORTS.NS,2023-03-21,1.203322342702604,54.61399448373968,667.6750525545405,648.9083291371348,635.4349787191568,622.4373746063966,614.0291085386665,611.891658686859,15777099.45,
 ADANIPORTS.NS,2023-03-22,1.1141865400675188,52.70048403732322,665.7614110744535,649.6932524968422,636.8359494091507,623.798654991011,614.8829880609516,612.3419906841448,15614873.95,
 ADANIPORTS.NS,2023-03-23,1.0891987554901044,52.13475992304952,663.7957021894675,650.193896278765,638.0045986219172,625.0202768426196,615.6763944796859,612.7659510973078,15289728.4,
 ADANIPORTS.NS,2023-03-24,0.9183182006223335,47.87100494195469,659.1055745186552,649.0325728236446,638.0043019366323,625.5292855938894,616.1184460741476,613.0170361610162,15057783.6,
 ADANIPORTS.NS,2023-03-27,0.8434890486440857,45.755034415012375,653.6500110763428,647.1342302295773,637.4298292688457,625.6693126524011,616.3755060644801,613.1770654090254,14907299.7,
 ADANIPORTS.NS,2023-03-28,0.6238839001919602,38.419242910051054,642.6954680468373,642.0166868185759,634.5891966975694,624.4038503685448,615.9205460317985,612.9802789314637,15476111.6,
 ADANIPORTS.NS,2023-03-29,0.9635609792557875,49.07211894284986,641.5962964772418,641.5055761133841,634.72215332444,624.8840924879769,616.3310307522394,613.2157987870119,15060956.3,
 ADANIPORTS.NS,2023-03-31,0.926344857128955,48.088215030697526,639.8333379203001,640.5907616658296,634.5400804915124,625.1592270733137,616.6393276564339,613.4017114798183,14601243.5,
 ADANIPORTS.NS,2023-04-03,0.8942389956247673,47.20835109456845,637.6454560789672,639.3725927255572,634.1052358012838,625.2627863172218,616.8603308274544,613.5449779107951,13850828.25,
 ADANIPORTS.NS,2023-04-05,0.9757154663097032,49.38542431578834,637.4826458827913,639.1228219897898,634.2758657495882,625.7132652851739,617.2541856625543,613.7758736529762,12040298.2,
 ADANIPORTS.NS,2023-04-06,1.0232635278965991,50.57490108371558,638.2312512833633,639.3587413798991,634.7483889648366,626.3362735322627,617.7362805125223,614.0527303886275,10523230.0,
 ADANIPORTS.NS,2023-04-10,1.1330660476152892,53.1191262868783,640.7346601409336,640.5626707722897,635.8613961283957,627.3426941780564,618.4147700073238,614.43031516088,9724332.1,
 ADANIPORTS.NS,2023-04-11,1.1552377969974426,53.60140763153169,643.1374514256786,641.8376556708366,637.0284036173399,628.3861184144868,619.1184381696943,614.8235459772596,9062201.2,
 ADANIPORTS.NS,2023-04-12,1.2017674180689308,54.5819421346032,645.7942784391915,643.3531170355188,638.365280803318,629.537643182546,619.8834195920765,615.2506748730083,8668829.25,
 ADANIPORTS.NS,2023-04-13,1.2531953811328602,55.618584683179115,648.6771413437135,645.0956796429991,639.8675223265919,630.7969522504486,620.7104810737,615.7123599430686,8349495.35,
 ADANIPORTS.NS,2023-04-17,1.296508033739956,56.455628053194324,651.5903905915895,646.9627589348117,641.4696184479106,632.1264840134519,621.5815608981223,616.1997992690782,7578689.75,18638842.42
 ADANIPORTS.NS,2023-04-18,1.185049178618529,54.23443967369934,652.8557719009311,648.0663045403504,642.5715777604951,633.1626998479427,622.3136089554459,616.6211941797636,6951188.8,18032689.72
 ADANIPORTS.NS,2023-04-19,1.1823799272466817,54.17846418420771,653.8638178124095,649.0504683378467,643.5927678671769,634.1523988505356,623.028191439775,617.0369039333387,6435754.3,17155206.24
 ADANIPORTS.NS,2023-04-20,1.3069290113889735,56.6523289159248,656.0885737712327,650.674230932903,645.0448457845164,635.4052449970219,623.8810980565307,617.5250937010263,6304930.05,14945045.28
 ADANIPORTS.NS,2023-04-21,1.2119283337089923,54.79057866566653,657.0906468284518,651.7147780427158,646.1129186749307,636.4324893338421,624.6280065224595,617.9636497396822,6141542.3,13191440.24
 ADANIPORTS.NS,2023-04-24,1.3806687651186478,57.994996420673324,659.6741633674549,653.5800361141685,647.7378908760945,637.7998422145921,625.5522041713805,618.4943595710581,6058849.85,12491305.42
 ADANIPORTS.NS,2023-04-25,1.383479329233636,58.04452810918517,661.8152267928323,655.281938599203,649.2677051555098,639.1194567240996,626.4610716572349,619.021281487834,6076673.35,11654574.5
 ADANIPORTS.NS,2023-04-26,1.217656337151438,54.90735046510895,662.3397332317775,656.1788979904248,650.2633378685113,640.122615762646,627.2182784007953,619.4757962213585,6020776.4,11099804.5
 ADANIPORTS.NS,2023-04-27,1.112361915319666,52.659627464990116,661.8688726441816,656.5190029437177,650.8753805866718,640.8923171052874,627.8624709077103,619.8765345674146,5877019.75,10713875.76
 ADANIPORTS.NS,2023-04-28,1.5177827587667492,60.282514584784266,665.4018026712337,658.8790967388845,652.8382584709491,642.4769316420593,628.9206395589035,620.487713206475,5904039.35,10586577.24
 ADANIPORTS.NS,2023-05-02,1.5218350460789163,60.34633583370754,668.3287476401002,661.0334684780385,654.6874030857266,644.0072480482531,629.9618150131827,621.0948006372563,5189162.7,10307268.12
 ADANIPORTS.NS,2023-05-03,1.209196370872758,54.73467125039033,668.5689797808205,661.8540928528979,655.6527334940064,645.0128471214222,630.7477201498338,621.5779371922494,4618590.6,10060654.08
 ADANIPORTS.NS,2023-05-04,1.3977620598825637,58.29444394290827,670.6018925479441,663.5584649621458,657.2073958492318,646.3750884107782,631.7180623250846,622.1567636878489,4401485.65,9977952.4
 ADANIPORTS.NS,2023-05-05,1.4812027107984924,59.69696487723959,673.0197347054201,665.4957563385187,658.9295009179306,647.846654528554,632.7513685050643,622.7711244910948,4357561.05,9883629.84
 ADANIPORTS.NS,2023-05-08,1.5071848729780741,60.11462853107501,675.2161421382414,667.3628248382729,660.6179186384471,649.3075690798239,633.7879745858736,623.3913120641779,4209993.05,9779437.58
 ADANIPORTS.NS,2023-05-09,1.6331041210939998,62.02201075191357,677.9950253858337,669.5663653298659,662.5457948553214,650.922958527674,634.9109849901138,624.0590602028427,4056756.55,9669880.58
 ADANIPORTS.NS,2023-05-10,1.6456601147087422,62.20224984908582,680.3595662247731,671.6076638698787,664.3815500259459,652.4946072128633,636.021658554666,624.7251392057995,3933754.05,9551727.56
 ADANIPORTS.NS,2023-05-11,2.1270372628616805,68.02084798040242,685.5305519644451,675.149789957792,667.2472556883345,654.7026613532596,637.4628135890879,625.5617048633832,4042784.9,9451430.6
 ADANIPORTS.NS,2023-05-12,1.6931093986090064,62.86819983931952,688.1613606981823,677.5164766284785,669.3603359665065,656.4790275747005,638.7011737160366,626.3023844169815,4030492.5,9317705.76
 ADANIPORTS.NS,2023-05-15,1.4741320032334093,59.58178469487021,689.2320201699616,679.0910967393822,670.9532167295041,657.9523985636522,639.7971898363719,626.9764899232102,3995996.4,9197409.54
 ADANIPORTS.NS,2023-05-16,1.2653140695195626,55.856010720311104,688.8261983208777,679.8443256213459,671.9884930695362,659.0915201886071,640.7318989485229,627.5737387796958,3929623.1,9055797.04
 ADANIPORTS.NS,2023-05-17,1.2028466371159963,54.60419335822594,688.0577941872522,680.2972446655926,672.8021371028524,660.0918517728161,641.6005737334222,628.1411640215489,3896150.2,8594499.46
 ADANIPORTS.NS,2023-05-18,0.8380469615986169,45.59442599169157,683.8563792817574,678.835603479063,672.2955483998962,660.2823678682755,642.0629388517115,628.5074212174243,3982243.4,8309384.34
 ADANIPORTS.NS,2023-05-19,1.2228313393786125,55.01233124238982,684.6279422461538,679.7179246320987,673.3151888635118,661.3732544454388,642.9745633414981,629.1003819574096,4048786.4,8014579.96
 ADANIPORTS.NS,2023-05-22,1.967469895283032,66.3012588067175,692.8228640572224,684.478123448759,676.9529194018035,664.0527351419718,644.6918989625977,630.1013733031771,5459859.2,7762002.0
 ADANIPORTS.NS,2023-05-23,2.0513238036017523,67.22733920209943,700.318704736449,689.1992533863028,680.6366012334915,666.7977254420109,646.4613660681497,631.1356878752148,7266876.7,7803244.44
 ADANIPORTS.NS,2023-05-24,1.5446679539137491,60.70214196465278,703.5789402389129,691.9659911590359,683.0632721216534,668.8154616991869,647.8829231757111,632.0024969510833,7666625.4,7654775.98
 ADANIPORTS.NS,2023-05-25,1.6498851661694058,62.262515645326246,707.3827692863832,695.0644681915087,685.7366094041274,670.9991690835325,649.4000930138159,632.9228701157492,7870856.55,7463108.38
 ADANIPORTS.NS,2023-05-26,1.6924896008807504,62.85965228341509,710.9222613408476,698.0916593719304,688.3890846416637,673.1893967895093,650.9337540548479,633.8574681801292,7936359.0,7310487.88
 ADANIPORTS.NS,2023-05-29,1.9004241924483327,65.52228454707962,715.7545774606936,701.8448346698417,691.5575307938145,675.7113812291364,652.6479371428707,634.8887371534613,7843362.05,7202667.6
 ADANIPORTS.NS,2023-05-30,1.7718901271496252,63.923533973970514,719.0810157029254,704.9119921101395,694.2989796324697,677.9991697218356,654.2598589379221,635.8754162643022,7804497.55,6935436.84
 ADANIPORTS.NS,2023-05-31,1.873228021928702,65.195940163192,722.6753720452912,708.1441810125965,697.1732374359193,680.3854758341533,655.9349107527343,636.9000387451146,8204679.45,6898126.68
 ADANIPORTS.NS,2023-06-01,1.6223967756551207,61.866945182230005,724.379847635778,710.4209245154891,699.4233503621806,682.4115351266558,657.4421400010557,637.8468044072822,8137026.9,6713717.16
 ADANIPORTS.NS,2023-06-02,1.718885768208211,63.2202275030107,726.6016890812615,712.9141674745794,701.8218423121004,684.536572007412,659.0096218938256,638.8294230259753,8155065.95,6672288.72
 ADANIPORTS.NS,2023-06-05,1.7691289708052982,63.88756137605295,728.8195615742991,715.3794836953784,704.2075291173178,686.6645490970418,660.5896291393532,639.8241550137067,8229820.45,6670603.28
 ADANIPORTS.NS,2023-06-06,1.9314531638112729,65.88722575052608,731.8341911815287,718.2385828114436,706.8651094590433,688.9679010702582,662.2690429071693,640.8746611768943,8302978.3,6680232.12
 ADANIPORTS.NS,2023-06-07,1.8505772537788336,64.91938611120389,734.0007018757962,720.6682415913061,709.2447798165244,691.1162186753461,663.8825272060373,641.8982963890645,8319711.25,6633662.48
 ADANIPORTS.NS,2023-06-08,1.541030387644837,60.64588582402379,734.4369423372991,722.1665066220448,710.9967310808818,692.8920541945115,665.3185172497606,642.8386120908058,8127827.35,6586670.18
 ADANIPORTS.NS,2023-06-09,1.488145094720939,59.809417781877535,734.5302277681595,723.3839833444245,712.5421040567625,694.541385881277,666.697358734063,643.7551434352458,7993318.2,6491919.6
 ADANIPORTS.NS,2023-06-12,1.6703837717272063,62.55219902893586,735.90654555321,725.1664587959971,714.4490635102577,696.4064286147932,668.1904798598426,644.7336989790338,8091073.15,6470918.92
 ADANIPORTS.NS,2023-06-13,1.4958791769343098,59.93395797194395,736.2598964682513,726.3744127759915,715.9587997732049,698.0316657509165,669.5698758148148,645.6602290945254,8202703.15,6146433.66
 ADANIPORTS.NS,2023-06-14,1.5355871407058561,60.56140276363682,736.8217290351033,727.610180662653,717.4679078901554,699.6519916267997,670.9516599686986,646.5924653780221,8282980.6,5883309.18
 ADANIPORTS.NS,2023-06-15,1.5398640789611475,60.62781436678222,737.3086873923572,728.742544409067,718.8893331875648,701.2146586218272,672.3090528406054,647.5169184588378,8385156.8,5822949.66
 ADANIPORTS.NS,2023-06-16,1.7824045172754401,64.05986283478254,739.1434759417582,730.5194472666856,720.7287326215325,703.025849437209,673.796002772753,648.5107802096361,8408156.75,5837511.36
 ADANIPORTS.NS,2023-06-19,1.283701229154145,56.2114348745003,738.5083029367225,731.0080736616738,721.6913966081473,704.305228848066,675.020834884462,649.3778373658992,7160771.4,5810191.28
 ADANIPORTS.NS,2023-06-20,1.3388345099652728,57.24366150152077,738.3795183651309,731.654922626559,722.7306605555552,705.6187488066896,676.2639864272047,650.2576597582083,5523562.9,5803377.6
 ADANIPORTS.NS,2023-06-21,1.6605665354751376,62.41402022214735,740.3923354272946,733.3496930627945,724.4544896943602,707.3376218812128,677.7132146604687,651.2446483397887,5348735.35,5904537.28
 ADANIPORTS.NS,2023-06-22,1.489961428559396,59.8387353101062,741.3391790925024,734.5163866364271,725.8187145905911,708.8381063402217,679.0575069560225,652.1835073173623,5478889.25,6029783.6
 ADANIPORTS.NS,2023-06-23,0.7843978695937386,43.95868673460845,736.4229624925872,732.5910153180025,725.0755709262284,709.0522977697412,679.7553778636848,652.8015817499554,6023435.9,6252330.54
 ADANIPORTS.NS,2023-06-26,0.9489579838162169,48.69053061667757,734.2369737510372,731.8109209461987,725.0319872802822,709.654169402852,680.6394302706229,653.5140040650211,6093123.7,6300118.94
 ADANIPORTS.NS,2023-06-27,0.8845472836900282,46.93685806375974,731.693887614485,730.7098808560845,724.723471971877,710.0696921713676,681.4237979880364,654.1780438255682,6200588.2,6384196.22
 ADANIPORTS.NS,2023-06-28,1.5230357823047682,60.365207381779186,736.2040898663968,733.1660826793145,726.7735705543365,711.8904885568041,682.9104554536198,655.1961727427268,6413639.3,6683106.88
 ADANIPORTS.NS,2023-06-30,1.147551973500173,53.435352795203514,736.75789170887,733.7455033765227,727.5785014863148,712.9634105741844,684.0260899990926,656.032529232849,6556514.9,6762021.4
 ADANIPORTS.NS,2023-07-03,1.1157816310400008,52.73614321396412,736.8746431098141,734.0935529991455,728.2121481268148,713.9217091561404,685.0829995914683,656.8421560505726,6419215.75,6718003.0
 ADANIPORTS.NS,2023-07-04,1.1850819831153256,54.23512674914489,737.7519829456717,734.8179776856108,729.0823329061835,715.0110543738224,686.2041285541526,657.6865128282489,6324063.15,6743611.62
 ADANIPORTS.NS,2023-07-05,1.2033057080551097,54.61365182579613,738.6607133191858,735.5734083822192,729.9641178799782,716.0988561630843,687.323848780803,658.5329156856792,6160078.65,6720723.64
 ADANIPORTS.NS,2023-07-06,1.1454964924724755,53.39074179293589,738.9133086780554,735.9997492784811,730.6148191646872,717.0381162270014,688.36793074144,659.3440308310254,6151110.6,6663437.38
 ADANIPORTS.NS,2023-07-07,0.812923424911976,44.8404722307257,735.2381638651418,734.3521552716763,729.8461219416128,717.1032886183751,688.9685660179863,659.9346376108862,6256461.35,6680944.16
 ADANIPORTS.NS,2023-07-10,0.8334254749185454,45.45728671930734,732.4857659961955,732.9948048254155,729.2173383057627,717.2208057543579,689.5850295737873,660.53329769024,6446476.9,6719702.46
 ADANIPORTS.NS,2023-07-11,0.9879842033471409,49.69778943332074,732.0156311630803,732.700063833858,729.2613825708144,717.7180300155228,690.3833463032977,661.2235138765467,6353709.65,6650787.04
 ADANIPORTS.NS,2023-07-12,0.900778703529129,47.38998295049684,730.5946095347077,731.8905351074936,728.9348425473445,717.972225395582,691.0529832518865,661.8501457007306,6239359.2,6566512.26
 ADANIPORTS.NS,2023-07-13,0.8066181889190082,44.64796124972311,728.1592282024029,730.491437688402,728.1777567189373,717.9419425254428,691.5707462014934,662.4008906410919,6113226.35,6481163.48
 ADANIPORTS.NS,2023-07-14,0.949746509830643,48.71128144310098,727.7848186357728,730.073203202453,728.04370632326,718.2618653905602,692.254493318017,663.0347123818366,5892936.9,6419530.16
 ADANIPORTS.NS,2023-07-17,1.0354756188453473,50.87143315588991,728.378485755263,730.1662303063116,728.2376599664672,718.7633603867331,693.0227209313824,663.7114812914001,5687118.35,6369334.28
 ADANIPORTS.NS,2023-07-18,0.9823428642454043,49.55463971260801,728.3369473295902,729.974210697526,728.2320060598604,719.1314648583931,693.7183110993562,664.352660824959,5647525.6,6385204.3
 ADANIPORTS.NS,2023-07-19,1.0442724229244227,51.082840584942424,728.8938704358578,730.1100024800533,728.4363943407767,719.6125848409683,694.4644836402415,665.0197987711192,5361849.05,6325414.6
 ADANIPORTS.NS,2023-07-20,1.0658192614786655,51.593054695200046,729.5404416669802,730.3328605492893,728.6953374289222,720.1160133651276,695.2166723247324,665.6907461684915,4967392.85,6317992.8
 ADANIPORTS.NS,2023-07-21,0.9792547890768014,49.47593379493918,729.3421817651713,730.1535416595505,728.6795099952519,720.4428368491239,695.8747582629958,666.3152164773327,4538898.45,6228229.02
 ADANIPORTS.NS,2023-07-24,1.1290403111685388,53.03048069338138,730.4254192247708,730.6436793865427,729.1066375951046,721.0254702194707,696.6554558774507,667.0016321123142,3864922.15,6186102.4
 ADANIPORTS.NS,2023-07-25,1.4575438746049554,59.30896655260131,733.8480702748125,732.4157099211577,730.4062093631625,722.1323145245894,697.6969319986893,667.8200238325896,3740625.6,6197970.62
 ADANIPORTS.NS,2023-07-26,1.5437686786740452,60.688249352875275,737.2666073910397,734.3427874919105,731.8412942051561,723.3290874614316,698.7851120465184,668.6641034403655,3687290.0,6287262.98
 ADANIPORTS.NS,2023-07-27,1.39516555600947,58.249232605612576,739.3544969563051,735.7149029688715,732.9321784499848,724.3259859923559,699.7745157683695,669.4609780329987,2903924.6,6286216.64
 ADANIPORTS.NS,2023-07-28,1.5799003222015986,61.23881254657799,742.3264088200734,737.618246705839,734.4010709504395,725.5563399615588,700.8819513414122,670.3190778755264,2735320.75,6263252.34
 ADANIPORTS.NS,2023-07-31,2.2139463173967258,68.88560351530722,748.7852391411395,741.449839932515,737.2042260882135,727.6070707703581,702.406070633383,671.3890370567245,2887642.15,6253545.3
 ADANIPORTS.NS,2023-08-01,1.598126561402476,61.51072796622359,751.79700940383,743.7260433280791,739.0200808945184,729.0871846846945,703.6524845928395,672.323971768458,2854017.15,5701274.8
 ADANIPORTS.NS,2023-08-02,1.4615329632578464,59.3749092566895,753.5521008225937,745.4140403641698,740.4671732372612,730.3563151757666,704.7969900901503,673.2107980414787,2894252.3,4971673.88
 ADANIPORTS.NS,2023-08-03,1.7423923575852458,63.53548764697811,757.151714415929,748.0746056233857,742.5886443565307,732.0423410742046,706.154474951453,674.2072077682893,3003547.25,4798206.12
 ADANIPORTS.NS,2023-08-04,1.7906856922793875,64.16651281201015,760.442311794851,750.6627384211585,744.6958285915933,733.7367590712946,707.5227031702361,675.2126086860178,2929042.0,4704218.34
 ADANIPORTS.NS,2023-08-07,2.232750436291717,69.0665883523289,766.0709868165259,754.5424799442922,747.7090025156236,735.9980635945404,709.1836402245693,676.3687023748541,2881026.05,4697569.28
 ADANIPORTS.NS,2023-08-08,1.8418361030545665,64.81148230451632,769.3671732511632,757.3670068264578,750.0632612053919,737.8883360891479,710.6691129370934,677.4416507313932,3344888.35,4851397.56
 ADANIPORTS.NS,2023-08-09,2.0225284039007416,66.91511653920459,773.3185918574857,760.5796705178368,752.7107911654272,739.9750670498063,712.2618032865754,678.5725793369111,3627803.25,4895834.54
 ADANIPORTS.NS,2023-08-10,2.3524903531205017,70.17142796341832,778.6788456639371,764.6006531154684,755.9423522381719,742.4387894318911,714.0546386233357,679.8086729533893,3962125.35,4784141.84
 ADANIPORTS.NS,2023-08-11,2.233766482290762,69.07630759746104,782.7463260510337,768.0720183228493,758.8525222739653,744.7372677989922,715.7773188049125,681.0150541955742,4311979.9,4889511.36
 ADANIPORTS.NS,2023-08-14,1.5602321804107382,60.941042470625845,783.5469984806753,769.8889712839173,760.6781675733264,746.4005131564459,717.1906397080639,682.0711235509821,5069857.7,5135250.98
 ADANIPORTS.NS,2023-08-16,1.2401090531762782,55.35931616444798,782.1929943179956,770.4804955031573,761.6731229289787,747.5651979576024,718.357161210596,683.0067340189916,5420704.3,5261557.84
 ADANIPORTS.NS,2023-08-17,1.9109838279503528,65.64735295337906,787.1851816081895,774.2109268280053,764.7684068957584,749.9998970343263,720.1649406799716,684.2668662617286,6069295.15,5431941.34
 ADANIPORTS.NS,2023-08-18,2.47626210585991,71.23346946956885,796.0424257547118,780.0860789790584,769.3575435098426,753.3685294805905,722.4567245162901,685.7756539050355,7123240.3,5839404.42
 ADANIPORTS.NS,2023-08-21,2.992259713387608,74.95152941461677,807.3347164200482,787.5207404490587,775.0860906649535,757.4776077132757,725.1437205538698,687.4908217707971,7920295.4,6145216.24
 ADANIPORTS.NS,2023-08-22,2.742277280195729,73.27830288546396,815.9102225254939,793.8997175491484,780.2095686865695,761.2824074107943,727.7052310379515,689.1526046387494,8226210.4,6279259.28
 ADANIPORTS.NS,2023-08-23,1.6037735316499586,61.59420211302631,817.6901842857734,796.9283170403753,783.1444360104703,763.808587991039,729.6457217541708,690.5112853110707,8303139.6,6282797.2
 ADANIPORTS.NS,2023-08-24,1.524488850139368,60.388020729630334,818.5374190676214,799.349427378048,785.6738256605004,766.104328681035,731.4814495528196,691.8231130749997,8244360.55,6303925.94
 ADANIPORTS.NS,2023-08-25,1.2192978405868242,54.94070323902171,816.3669747982243,800.0399557787994,787.0238998492383,767.692393265541,732.9689451178318,692.9651714084418,8354318.75,6314751.9
 ADANIPORTS.NS,2023-08-28,1.2309334529660225,55.1757136157288,814.7457088725528,800.745675438631,788.3417135497411,769.2515155769721,734.4438177334595,694.1043240532039,8444822.25,6287118.52
 ADANIPORTS.NS,2023-08-29,1.4682683004097572,59.485765796449684,816.3464868580828,802.9175147104727,790.6132151138204,771.3808674285798,736.2082963484992,695.3923406078284,8448830.6,6269814.84
 ADANIPORTS.NS,2023-08-30,1.3633013920140131,57.68631104863876,816.7744005578916,804.420609710145,792.4252665391889,773.2365201649897,737.8417956724304,696.6192826137907,8748903.95,6336527.82
 ADANIPORTS.NS,2023-08-31,0.9596209497581851,48.96972293935729,812.3063299486442,803.256743281277,792.4107340016303,773.9801865195795,738.9181959998482,697.5703346495444,9097976.1,6401439.16
 ADANIPORTS.NS,2023-09-01,1.0474638718516636,51.15908936182445,809.977906321618,802.8989582068696,792.8681060015252,774.9809635188118,740.1178356830195,698.5845601754196,9486197.25,6453190.88
 ADANIPORTS.NS,2023-09-04,1.0675500634714354,51.63357745635475,808.3546484073181,802.722865786498,793.3959693429088,776.0032781962298,741.3244129525234,699.6041166691265,9974373.7,6502412.12
 ADANIPORTS.NS,2023-09-05,1.1219779327057868,52.87415648451748,807.7356236436297,802.9349749694059,794.1413914631747,777.1384442358691,742.5843258090483,700.6523345351753,10289786.15,6404109.38
 ADANIPORTS.NS,2023-09-06,1.1535390911918828,53.56480854747118,807.610962579873,803.3268809526023,794.9742041296131,778.3114459439906,743.8608735711061,701.7110176521683,10026579.2,6424779.76
 ADANIPORTS.NS,2023-09-07,1.1996680672137652,54.53859539513789,808.0271556406346,803.9528946155986,795.9371602769969,779.5502137271308,745.1685795283925,702.7875251821374,10165593.75,6481836.76
 ADANIPORTS.NS,2023-09-08,1.4628671080237068,59.39691602757909,811.1131273423374,805.9573808426844,797.81218219461,781.3325582868512,746.749399735751,704.0035697076884,10346518.35,6357293.46
 ADANIPORTS.NS,2023-09-11,2.541274524079333,71.76157925062356,824.083470045009,813.2423933535746,803.2726873567018,785.2979486366621,749.4365405767664,705.7791562002192,10926415.3,6637471.52
 ADANIPORTS.NS,2023-09-12,1.7181224123747758,63.209898294230335,830.3864754913709,817.5764511294246,806.8518688175598,788.1784212391459,751.6011635356423,707.3012541484757,10436187.45,6742039.66
 ADANIPORTS.NS,2023-09-13,1.5161652912103292,60.256982977498325,833.8980276214909,820.6358378987205,809.6162651652676,790.5910326496513,753.5437149944817,708.7181572137349,10221137.85,6820387.72
 ADANIPORTS.NS,2023-09-14,1.5175637050594308,60.279058758658365,836.789293107214,823.413375983887,812.2087633993128,792.9129524591932,755.4497798023725,710.1219565229811,9832296.9,6900828.64
 ADANIPORTS.NS,2023-09-15,1.4282777058584095,58.818548735697654,838.4003351630046,825.531152024856,814.3662641099419,794.9810729280116,757.2359232600298,711.4704945119472,8907848.85,6942099.72
 ADANIPORTS.NS,2023-09-18,1.1708567767894638,53.935238349582605,837.1002742242764,826.075804212965,815.4555373931714,796.4033837935798,758.7015485420095,712.6623303874502,8176293.95,6913149.28
 ADANIPORTS.NS,2023-09-20,0.9940028823717744,49.84962113943656,833.6365857822204,825.311440744394,815.6229212899326,797.2522702249283,759.8767651608404,713.7109637944703,7925248.3,6870767.84
 ADANIPORTS.NS,2023-09-21,1.1548196429732167,53.59240374195765,833.1753839283508,825.8627297769219,816.621440921933,798.5796312194777,761.2871257633176,714.8790136630422,8009677.7,6945184.42
 ADANIPORTS.NS,2023-09-22,1.0959166803393456,52.28817970769277,832.0616755400995,825.9758019689264,817.2942503974837,799.6961157909872,762.5893606549938,715.9951427588625,7932863.35,6981327.6
 ADANIPORTS.NS,2023-09-25,1.075495574847832,51.81873610723952,830.8959207899109,825.9447755351298,817.8333325921017,800.713916129147,763.838086670025,717.0862361086655,7830539.35,7001677.1
 ADANIPORTS.NS,2023-09-26,1.0130537488264177,50.32422752830192,829.1602943891885,825.5071755399686,818.0602127852525,801.5231733627467,764.9769359554886,718.123686252718,7655657.85,6992206.9
 ADANIPORTS.NS,2023-09-27,1.1490076190349134,53.46689368886068,829.4402430833417,826.0017314130221,818.8756837156898,802.667363121346,766.2783830099745,719.2438487000247,7482095.7,6987805.78
 ADANIPORTS.NS,2023-09-28,1.0268084970309403,50.66134755874104,828.2874671747227,825.7253737152046,819.1482186750607,803.4686420415262,767.4035630609836,720.277242997397,7305393.05,6999674.8
 ADANIPORTS.NS,2023-09-29,1.057702798540033,51.402116928182586,827.7170230364209,825.6705785436673,819.5354319485447,804.3188923306452,768.547057345203,721.3207532602495,6878871.6,7008248.18
 ADANIPORTS.NS,2023-10-03,1.1591357064545704,53.685171478079084,828.3866596505375,826.2162400551334,820.3008895269652,805.3808975103871,769.7916705544874,722.4160693911332,6406516.15,7028840.2
 ADANIPORTS.NS,2023-10-04,1.036007267016026,50.884261750912074,827.6981716387919,826.0623101056862,820.5782499178666,806.1345868466832,770.8769835254072,723.4328246766537,5985241.1,7080949.18
 ADANIPORTS.NS,2023-10-05,1.0461015273220782,51.1265698868427,827.2439608330172,825.9801864962905,820.8764281300707,806.8822505863047,771.9526870636572,724.4454335078018,5565245.7,7084238.8
 ADANIPORTS.NS,2023-10-06,1.1466495314726437,53.415777222191444,827.8814224997413,826.4344544490247,821.5134327668404,807.8182407593908,773.1169902901195,725.5031903883212,5322618.7,7057577.0
 ADANIPORTS.NS,2023-10-09,0.6391318940094761,38.99209675226911,821.0029798257826,822.9692671484479,819.4835330911068,807.1214465254136,773.452297171364,726.1454470789148,5132935.85,7060095.1
 ADANIPORTS.NS,2023-10-10,0.9840341735455261,49.59764235245146,820.7297107665494,822.6388607533576,819.4845954723257,807.6068799950052,774.3641328709409,727.0743481030053,4928341.1,7167060.06
 ADANIPORTS.NS,2023-10-11,0.92952002272726,48.17363965020895,819.6606680064381,821.8970621659842,819.1855877377201,807.8909229593555,775.1658327266834,727.9477374311937,4060501.7,7167543.9
 ADANIPORTS.NS,2023-10-12,0.9308034980857544,48.2080905182001,818.8041851338186,821.2354383603696,818.9123248002563,808.1677499886762,775.9536382609477,728.8134317075702,3786837.15,7101717.66
 ADANIPORTS.NS,2023-10-13,0.915621984251829,47.797633968449,817.8852423822152,820.5225394689058,818.5792715873366,808.3866617538262,776.7020810676617,729.6585716905795,3617864.75,7125926.76
 ADANIPORTS.NS,2023-10-16,0.8185717566421541,45.0117931092024,815.6606572970965,819.1061094636827,817.7451266084157,808.2793426424629,777.2753076685805,730.4147055485246,3439363.2,7118873.0
 ADANIPORTS.NS,2023-10-17,0.8122754497051929,44.82075005967375,813.740533349613,817.7721919515164,816.9293104134172,808.1546615814227,777.8262911916964,731.1578425638223,3346801.25,7079401.32
 ADANIPORTS.NS,2023-10-18,0.7398532795190773,42.52388912492577,810.9877046653082,815.9462665833661,815.7467726826121,807.7799680129723,778.2376512787112,731.8289085640424,3320337.5,7069667.48
 ADANIPORTS.NS,2023-10-19,0.6819307335809117,40.54451946002843,807.6899357417863,813.7466198217062,814.2695599666977,807.1944781138728,778.52700423529,732.4360833602801,3312641.95,7043414.2
 ADANIPORTS.NS,2023-10-20,0.693661742677002,40.95633296767985,805.137224591291,811.8326583543115,812.9392673503987,806.6633230668215,778.8264699814042,733.0451773011139,3112519.05,6852236.7
 ADANIPORTS.NS,2023-10-23,0.5136121744404448,33.93287812515898,799.012276885062,807.9866920545705,810.2625412121171,805.2824089154572,778.6804015106245,733.4273149618692,3054812.45,6752131.28
 ADANIPORTS.NS,2023-10-25,0.4988509875758754,33.28222696658311,793.5736766488574,804.283195248034,807.6068918168797,803.8634899613584,778.4906901061752,733.7822668088749,3064099.2,6642466.64
 ADANIPORTS.NS,2023-10-26,0.5153138760048597,34.007071680983344,789.3511855465082,801.0514600421201,805.2032198019803,802.5492344956556,778.3294878384477,734.1461246076517,3178385.35,6538769.08
 ADANIPORTS.NS,2023-10-27,0.6862246779677686,40.69592189783416,788.0873380678817,799.2751328394479,803.7320459059856,801.7590693944167,778.4100925231133,734.6262629141831,3204963.45,6241848.08
 ADANIPORTS.NS,2023-10-30,0.7259378574513988,42.06048637946634,787.5260038737214,797.9155963785481,802.5235268152769,801.1018509867924,778.5405857404775,735.1274941289674,3128168.9,6082660.64
 ADANIPORTS.NS,2023-10-31,0.7229647731940163,41.9605080987112,787.0212758966811,796.6617300567816,801.3768476659043,800.4606019284869,778.6635444386858,735.6212504062912,3196032.1,5858942.96
 ADANIPORTS.NS,2023-11-01,0.5665421139517491,36.16513778379016,783.762857658364,794.0368010595585,799.2944688220356,799.2307734444654,778.4741668376412,735.9543720498698,3208066.0,5462770.48
 ADANIPORTS.NS,2023-11-02,0.6439627179776315,39.171369942611655,782.0423358646558,792.1571045579785,797.68192165887,798.2530955757793,778.3915098268556,736.335920465224,3090323.6,5148960.46
 ADANIPORTS.NS,2023-11-03,0.9822768072511208,49.55295868155123,784.4710065100024,792.4659540680818,797.5347024817858,798.1412104321826,778.7283120959091,736.9236229920782,3201686.6,5074429.28
 ADANIPORTS.NS,2023-11-06,1.1048734039481947,52.49120454825167,787.7490053263656,793.4215774901693,797.8550442571544,798.3121433564107,779.1990385890595,737.5761242558386,3221349.5,5024860.96
 ADANIPORTS.NS,2023-11-07,1.011744721359583,50.29190386918589,789.5310021384753,793.8147594237693,797.835363194949,798.2822549029424,779.5624237218101,738.1728791169046,3041379.95,4978902.86
 ADANIPORTS.NS,2023-11-08,1.3995915336502067,58.32624069652298,794.8344585145762,796.1847834983656,799.1814695828252,799.0829512678087,780.3374254739927,738.9741441227766,2917974.0,4992522.16
 ADANIPORTS.NS,2023-11-09,1.1224963448594103,52.885666803528096,796.9009228222952,797.1386148039528,799.634278784387,799.3620516967977,780.8495559043498,739.6430582330677,3003007.1,4990817.84
 ADANIPORTS.NS,2023-11-10,1.163432491878005,53.777157190981605,799.0280233247756,798.2301729736656,800.2127108361,799.724323221862,781.3990691653714,740.3291967141909,3069985.95,4950179.8
 ADANIPORTS.NS,2023-11-13,1.18639382213835,54.262585730233454,800.9956510086232,799.336820841501,800.8344698522186,800.1214076282964,781.9624534509272,741.0209457576908,2932480.05,4799357.2
 ADANIPORTS.NS,2023-11-15,1.2041981673316595,54.63202833479478,802.7691690070553,800.4237902851675,801.4741814746561,800.5382151722848,782.5325038776416,741.7147671929376,2883975.25,4633272.66
 ADANIPORTS.NS,2023-11-16,1.2649133825263381,55.8482011844278,804.7384065668521,801.678665075717,802.2564907721583,801.0504410708595,783.1477013372117,742.4300428983406,2860353.75,4429063.92
 ADANIPORTS.NS,2023-11-17,1.1696504321962182,53.909625939707034,805.7041486079642,802.4759339059315,802.7592970315654,801.4033644717266,783.6804198808901,743.1028781709241,2907706.35,4243000.54
 ADANIPORTS.NS,2023-11-20,1.019426984249165,50.48100239327019,805.3215716948683,802.5829854945034,802.813534357654,801.4895060840487,784.0748665285148,743.7048393392328,2925964.3,4097885.46
 ADANIPORTS.NS,2023-11-21,0.9725046105522779,49.30303358226312,804.5994633114262,802.465555979402,802.7191112110917,801.4840342998091,784.4169478959885,744.2784227844737,2986404.4,4036166.78
 ADANIPORTS.NS,2023-11-22,0.8049282518445843,44.59613566478174,802.2904744209964,801.4593148779411,802.0211056112834,801.1081907748779,784.5651276290197,744.7522695668578,3046902.0,3904654.58
 ADANIPORTS.NS,2023-11-23,0.8284917504716832,45.31011694517971,800.6194746328038,800.6631873263217,801.4455488354546,800.7941431204097,784.7341345192557,745.2333412685402,3106657.85,3746522.44
 ADANIPORTS.NS,2023-11-24,0.8803036042061902,46.81709922998467,799.6977497528337,800.1762159421928,801.0651900585201,800.588489970314,784.9483098316065,745.734004418037,3134957.45,3422185.94
 ADANIPORTS.NS,2023-11-28,1.840242074029631,64.79173345315469,806.6072520172332,803.7499108245584,803.4287269713274,802.0438437835186,785.9928979974565,746.6490890726539,3781678.15,3580044.36
 ADANIPORTS.NS,2023-11-29,1.7480633265883592,63.610736684097056,811.8695676128215,806.7784895834545,805.5010663791753,803.3578102152618,786.9742265082587,747.5336751295724,4008456.95,3597588.28
 ADANIPORTS.NS,2023-11-30,1.3960470609568172,58.264592699582934,814.3478280468539,808.5614905755065,806.7913201611641,804.2261313832907,787.7371131120556,748.3094594566414,4167079.45,3592855.98
 ADANIPORTS.NS,2023-12-01,1.4456777437365427,59.111538608836284,816.7936752734201,810.3937284057411,808.1467180728935,805.150596340533,788.5304373631627,749.1004099873512,4179029.8,3571242.86
 ADANIPORTS.NS,2023-12-04,2.627359885512654,72.43174012057891,828.0402842080823,816.8943280255811,812.6953184820012,808.0329268532204,790.3149836413984,750.3894608771693,4645179.6,3736514.72
 ADANIPORTS.NS,2023-12-05,5.992124859110403,85.698195896816,861.6875008222378,835.5805801741865,825.6246511983843,816.0747719015623,794.7265676403001,753.0034958493959,6757861.95,4607474.74
 ADANIPORTS.NS,2023-12-06,6.122839365377869,85.96065489191403,890.0988665285638,852.9490975106479,838.0327390053939,823.9914479919729,799.1468338693443,755.639779594248,8694793.5,5298907.28
 ADANIPORTS.NS,2023-12-07,6.752669492214914,87.10121718713559,917.289986144109,870.730138168116,851.0403058059532,832.448647067349,803.9092732860713,758.4657521795198,9317053.0,5532578.72
 ADANIPORTS.NS,2023-12-08,4.4367274911150885,81.60658223841017,936.5008999737311,885.2272690289651,862.1312546060228,839.9192888375327,808.2467136607437,761.0974363588981,9671015.7,5728712.7
 ADANIPORTS.NS,2023-12-11,4.63467211349327,82.25273840503844,953.8461953265186,899.1961028751648,873.0840784646061,847.4479451346515,812.6754920915025,763.7919894738749,9816396.55,5855113.32
 ADANIPORTS.NS,2023-12-12,4.874040978231287,82.97594443576547,969.8650600256742,912.7917074748515,883.9786508973332,855.0754747831701,817.2155803901237,766.5597303862928,9866351.85,5903882.26
 ADANIPORTS.NS,2023-12-13,5.426802374583523,84.44016259229065,986.8895945664607,927.1448781915324,895.5606734200859,863.248985575987,822.0924995903192,769.514359934688,10221389.7,5965755.86
 ADANIPORTS.NS,2023-12-14,5.736180967126443,85.15479312565759,1002.8551139492632,941.1977422848984,907.1180461782659,871.5411803052375,827.0946273444094,772.5510324843117,10536861.35,6096468.56
 ADANIPORTS.NS,2023-12-15,5.85071394664709,85.40298123979582,1016.6178293817835,954.2789143366342,918.1781753814827,879.6591751492723,832.0739426213147,775.5957988160909,11036012.6,6280862.5
 ADANIPORTS.NS,2023-12-18,6.355287001852708,86.40433745483878,1030.7418692811184,967.6142604786809,929.5408768941693,888.0764643131489,837.2665387838258,778.766985383375,11147480.75,6307896.4
 ADANIPORTS.NS,2023-12-19,3.73759869789515,78.89226032495563,1038.6069839572788,977.7462356711874,938.8608203203519,895.3675833596922,841.9543300950372,781.7046273198588,11285760.4,6386091.34
 ADANIPORTS.NS,2023-12-20,1.5894659270499831,61.38199813506573,1033.796627676694,981.0227869800326,943.5891560683333,899.9472869304518,845.3245418637308,783.9976163456718,11526955.4,6517901.46
 ADANIPORTS.NS,2023-12-21,1.6575149250377175,62.370860438881365,1031.0972430458462,984.6349036683182,948.451146786959,904.6140604707099,848.7626699893407,786.3354511303619,11633941.8,6505056.96
 ADANIPORTS.NS,2023-12-22,1.749658228793541,63.63184378595419,1030.4431988556923,988.7172937951451,953.5510728007037,909.4331169228388,852.3020230588587,788.7350983827962,11707716.35,6458272.54
 ADANIPORTS.NS,2023-12-26,1.7641657422253414,63.82271928473681,1030.1353445182938,992.5299324813218,958.4026164909809,914.1122103768453,855.7960424042278,791.1233063590868,11595487.6,6436180.3
 ADANIPORTS.NS,2023-12-27,1.67319514081595,62.59158245758422,1029.092559044797,995.565179332059,962.6605137763411,918.4372226920303,859.1347351172939,793.4444677327682,10939196.55,6440988.12
 ADANIPORTS.NS,2023-12-28,1.5278815556242724,60.44118452563158,1026.8848232561122,997.6018300820564,966.163062062192,922.3004693396774,862.2597901091698,795.6684034986813,10779594.5,6462280.18
 ADANIPORTS.NS,2023-12-29,1.6207818077646563,61.8434469806958,1026.423941861535,1000.1492725109974,969.9170564830788,926.3024107610994,865.469496752274,797.9438420269128,10601146.5,6457569.3
 ADANIPORTS.NS,2024-01-01,1.9384983796030668,65.9690130530179,1030.319584356881,1004.6921966133727,974.9449867477795,931.0689819307009,869.0809913826436,800.43047022153,10653993.3,6494119.68
 ADANIPORTS.NS,2024-01-02,2.3833022911066704,70.4430785676883,1039.0614825490957,1011.7119897372479,981.6195053068946,936.846669871225,873.2259227298003,803.1963364324009,10417984.6,6575573.56
 ADANIPORTS.NS,2024-01-03,2.6318272267102873,72.46565055062376,1049.09575844926,1019.5727526194147,988.8859888354821,943.0193494841182,877.6026371311904,806.0923927863074,9742802.9,7179539.12
 ADANIPORTS.NS,2024-01-04,3.12067528136704,75.73213292195524,1062.56924803519,1029.442009624411,997.5514057604107,950.0852554326576,882.4659502805108,809.247691874721,8180955.3,7326281.78
 ADANIPORTS.NS,2024-01-05,3.685317082743342,78.65672733904957,1079.2384756651554,1041.3284848982767,1007.6609924855456,958.091716003926,887.8478126511937,812.6805506620373,7970090.7,7498690.02
 ADANIPORTS.NS,2024-01-08,3.9712390689072583,79.88429069415459,1095.531475650752,1053.473388773292,1018.0602817178291,966.3567457914559,893.4122119172282,816.2245250393895,7797972.3,7622261.94
 ADANIPORTS.NS,2024-01-09,4.567036406228984,82.03712124316098,1113.9984756389676,1067.1521113268773,1029.61122970932,975.4054999010434,899.4258309997768,820.0143305174646,8138544.2,7839176.86
 ADANIPORTS.NS,2024-01-10,4.95882689489664,83.21817334790448,1132.244202902053,1081.170955542026,1041.5298584755535,984.7758714965295,905.6619526747504,823.93806827934,8245266.15,7920003.34
 ADANIPORTS.NS,2024-01-11,3.877597234195056,79.49810220103119,1145.099793496566,1092.768955125821,1051.9440580043486,993.3317177583077,911.5488437340995,827.7093307956837,8023744.3,7923986.02
 ADANIPORTS.NS,2024-01-12,3.9630780299638726,79.85121342113416,1156.3725538764515,1103.6576237410702,1061.9541172031609,1001.7147866927246,917.4013413945319,831.4843620871292,7819176.7,7945726.4
 ADANIPORTS.NS,2024-01-15,3.6400980101594556,78.44873108691867,1164.8684487327216,1113.128323916772,1071.060301614953,1009.6122450806938,923.0587400913913,835.1820298831373,7376820.05,7948364.12
 ADANIPORTS.NS,2024-01-16,2.998605397314087,74.99128069322089,1170.046908160579,1120.7684812185973,1078.949958000178,1016.8176462769779,928.4110417843526,838.7458900393841,7263082.3,7976999.88
 ADANIPORTS.NS,2024-01-17,1.9781969396460484,66.42263690866436,1169.4656476924624,1125.1571949678678,1084.6209268766786,1022.7012670341921,933.1326048299286,842.0106073085041,7226849.35,7996156.44
 ADANIPORTS.NS,2024-01-18,1.6806949233176698,62.69624001964444,1166.66281153531,1127.9088953355113,1089.1002250670945,1027.8521996535621,937.507207681378,845.1154773733759,7099400.85,8069122.0
 ADANIPORTS.NS,2024-01-19,1.647342456011695,62.22626967927181,1164.0786551055944,1130.2461387484982,1093.1873041706287,1032.7383859876136,941.7634996316849,848.1735318390326,6968425.95,8075875.36
 ADANIPORTS.NS,2024-01-23,1.3670725192770925,57.75372356122822,1159.1734406474748,1130.8988851139686,1096.02037974581,1036.8309973444107,945.6315486604819,851.0484218265641,7065871.35,8117431.48
 ADANIPORTS.NS,2024-01-24,1.1421310614693432,53.31751553455025,1152.160083363559,1129.9180365874895,1097.6061601225927,1040.1160553146667,949.0962699857384,853.7305268390952,7875728.25,8385268.76
 ADANIPORTS.NS,2024-01-25,1.4181335846356145,58.645791681906246,1151.0946225389343,1131.4782282294548,1100.7477013294013,1044.280133491665,953.00129530935,856.6416663613742,7950780.5,8393305.94
 ADANIPORTS.NS,2024-01-29,2.0004548351200087,66.67171962413482,1159.3774228798666,1137.6850659613222,1106.9349479800246,1050.2554233317592,957.8260226183542,860.0248341031921,8045902.0,8507648.96
 ADANIPORTS.NS,2024-01-30,1.7927901087291753,64.193513974631,1164.4633415536975,1142.4150573541428,1112.1230142771803,1055.6316802829033,962.3710513899895,863.28180068511,8158625.95,8567429.58
 ADANIPORTS.NS,2024-01-31,2.03681297317114,67.07074130562057,1172.3154657101275,1148.6279113598493,1118.2860471892373,1061.5931839743214,967.2280607568027,866.7083501749504,8234652.5,8643839.18
 ADANIPORTS.NS,2024-02-01,2.181801704880621,68.57126581879434,1180.7762856875474,1155.3157270004292,1124.7740425696695,1067.7601169786985,972.2106729316371,870.212246945209,8289102.85,8728132.16
 ADANIPORTS.NS,2024-02-02,2.7757001047510084,73.51484566420706,1195.444224866516,1165.4237483500908,1133.5918431246505,1075.3557967509798,977.9381833918397,874.1051594250764,7158575.3,8872583.52
 ADANIPORTS.NS,2024-02-05,2.659893045044149,72.67679717159776,1206.918011041354,1174.2929198241893,1141.6536628474553,1082.5398850677307,983.4948539945384,877.9304817076938,6950540.45,8911936.2
 ADANIPORTS.NS,2024-02-06,2.8853297411277947,74.26215877086072,1218.9510955040055,1183.7031156110224,1150.1340701209058,1090.0128297939348,989.2296088775364,881.8625164726516,6639801.1,8935849.66
 ADANIPORTS.NS,2024-02-07,2.2346674868150656,69.08492127626309,1225.6236280331066,1190.555202163693,1156.9415510430451,1096.5084060535476,994.5052606703389,885.5817951586357,6369784.55,8927512.62
 ADANIPORTS.NS,2024-02-08,1.950932890550334,66.1124113258467,1229.1829595128825,1195.7594639739962,1162.6356413739375,1102.3394470385801,999.4695119673991,889.1600852682202,5802459.8,8906177.8
 ADANIPORTS.NS,2024-02-09,2.295061901954481,69.65155648800268,1236.8769668741766,1202.9728483574252,1169.6591483820705,1108.9731942135377,1004.8562543046783,892.9644625292331,5627531.6,8658344.72
 ADANIPORTS.NS,2024-02-12,1.7491230638775859,63.62476408787903,1239.1447866399512,1207.3897176172834,1174.8004920726428,1114.4781660320632,1009.6977141320299,896.51058703726,5551712.65,8541288.3
 ADANIPORTS.NS,2024-02-13,1.9278090955925447,65.84476762827956,1243.8093797650738,1212.857368208792,1180.6069150891256,1120.3731418279872,1014.7492455121505,900.1751587963731,5468324.15,8466224.28
 ADANIPORTS.NS,2024-02-14,1.9657960219657309,66.2822394866792,1248.180397187049,1218.0947593875676,1186.2354996373072,1126.1565470733972,1019.7611411571761,903.8336146848266,5496188.6,8475227.64
 ADANIPORTS.NS,2024-02-15,1.9449279098621324,66.04331139478333,1251.6112429399718,1222.757167905716,1191.4493415205857,1131.6817824363277,1024.6579512100661,907.4477085568992,5506650.45,8321588.22
 ADANIPORTS.NS,2024-02-16,2.513730337272105,71.54021783082099,1261.6546488756019,1230.7660067324036,1198.8945437183504,1138.5511233441557,1030.2459120887963,911.421860467636,5517032.3,7499824.58
 ADANIPORTS.NS,2024-02-19,2.5160393471502904,71.55890758701297,1269.899258170947,1238.026387043603,1205.8690892849083,1145.1569616443849,1035.726191057335,915.3579613585053,5356114.6,6733650.44
 ADANIPORTS.NS,2024-02-20,2.271334287780819,69.43143341433407,1275.463029412593,1243.9762549442123,1211.9743093310435,1151.248845501468,1040.969236778972,919.1902204494655,5312322.55,6473983.18
 ADANIPORTS.NS,2024-02-21,1.9697964583127139,66.32765867839478,1278.2879331557579,1248.4547068542875,1217.0727409871054,1156.729282932783,1045.9203410011705,922.8898202459883,5090797.35,6285344.14
 ADANIPORTS.NS,2024-02-22,2.270033078503683,69.419269591683,1284.2264818859608,1254.4066348845338,1223.1293351925744,1162.7771522754924,1051.1684520936597,926.7511150810718,4299902.15,6178671.0
 ADANIPORTS.NS,2024-02-23,2.4280527390454827,70.82892020271419,1290.8580217561268,1260.7202840547568,1229.424213642852,1168.9702032126056,1056.505709501149,930.6710039973983,4230891.5,6139121.8
 ADANIPORTS.NS,2024-02-26,2.7326236668738084,73.20919307041923,1299.4565676939333,1268.0945450413574,1236.4387820797044,1175.6047060048195,1062.0828246479393,934.7255216134846,4032611.1,6032137.52
 ADANIPORTS.NS,2024-02-27,2.3485621128507037,70.13643569093965,1304.909910144468,1273.9379170537877,1242.4395026662962,1181.6378528741159,1067.3772231929677,938.6531278777472,3908297.45,5916004.02
 ADANIPORTS.NS,2024-02-28,1.544040652441577,60.69245202350537,1303.926290118201,1276.3724011439033,1246.1208250749223,1186.2598978594447,1071.9737138228097,942.2436440182672,3738866.6,5724980.78
 ADANIPORTS.NS,2024-02-29,1.802709091406428,64.32023562252087,1306.9396919148915,1280.5750296063889,1250.9194815217018,1191.5242155904468,1076.8950264203777,946.0073888539064,3500797.15,5669458.72
 ADANIPORTS.NS,2024-03-01,1.8239328445959835,64.58839303088779,1309.6961071278088,1284.529786366346,1255.51177146133,1196.6448336294857,1081.7505699682106,949.74960364726,3143340.3,5615615.48
 ADANIPORTS.NS,2024-03-04,2.116784292260331,67.91564939276606,1315.6786286656504,1290.0602805777355,1261.1303652758209,1202.3685646866013,1086.915904732918,953.658562572023,2971286.1,5489668.48
 ADANIPORTS.NS,2024-03-05,1.9854443064848235,66.5041482157998,1319.7916141497367,1294.6545442206298,1266.10905453726,1207.6992111235238,1091.8938085763875,957.485841042233,2841657.9,5418936.1
 ADANIPORTS.NS,2024-03-06,1.6411524962422495,62.1377409512412,1320.7022386367164,1297.5255446594388,1269.8955702979608,1212.2914008374296,1096.5058133338478,961.1407087813961,2811591.9,5369062.84
 ADANIPORTS.NS,2024-03-07,1.6501426682473903,62.26618242174386,1321.5654590976544,1300.1850119463375,1273.4797239027296,1216.7289910466234,1101.0393606177693,964.765676367371,2725900.75,5358343.06
 ADANIPORTS.NS,2024-03-11,1.672488464791175,62.58169069110879,1322.5444576566035,1302.7340537773412,1276.92941598461,1221.0513816397706,1105.5128376584446,968.3694999972666,2659876.2,5346616.58
 ADANIPORTS.NS,2024-03-12,1.1848974090998765,54.231260660793446,1318.6818378696075,1302.597481877416,1278.50171487774,1224.198388196177,1109.389812137052,971.6822417766782,2706623.45,5312099.88
 ADANIPORTS.NS,2024-03-13,0.5581119170633467,35.81975793595423,1298.8396944075198,1293.7358215870074,1274.0532202938937,1223.6239435150767,1111.3731831606376,974.0490856279364,3027889.8,5436921.6
 ADANIPORTS.NS,2024-03-14,0.9200921083657903,47.919165146139264,1293.2052000763229,1291.2705029202389,1273.6530109578966,1225.358297713934,1114.471733505693,976.9724775678171,3218522.8,5501039.44
 ADANIPORTS.NS,2024-03-15,1.0213933601836753,50.52917360383858,1291.349709153355,1290.4828359754542,1274.256042509,1227.618756627113,1117.8089269016198,980.0175275422667,3250610.9,5454638.74
 ADANIPORTS.NS,2024-03-18,0.913512333124356,47.74008075677181,1286.8497575956428,1288.2082778431195,1273.7621027075122,1229.1474318804003,1120.755284301309,982.8690941894674,3219721.6,4890592.06
 ADANIPORTS.NS,2024-03-19,0.776685423104868,43.71541596528451,1278.5497927913211,1283.73129435062,1271.6613187374712,1229.6200796957523,1123.140327209637,985.4395504778497,3200275.8,4741378.64
 ADANIPORTS.NS,2024-03-20,0.8033579718469397,44.54789256423487,1272.522562177274,1280.080697213805,1269.9670416843483,1230.238901057255,1125.561311312695,988.0262218602996,3246044.8,4584364.82
 ADANIPORTS.NS,2024-03-21,0.9199623493245094,47.91564530669964,1270.6911783581106,1278.4015785431452,1269.4820681028984,1231.5020794931224,1128.2719774485201,990.7568062315592,3265297.45,4472274.2
 ADANIPORTS.NS,2024-03-22,1.0610036655844557,51.47995043878673,1272.6745960358971,1278.706187785316,1270.2638685856753,1233.4667028693113,1131.3081754314392,993.6507681156824,3291343.3,4239790.64
 ADANIPORTS.NS,2024-03-26,1.2402580032623833,55.362284230488335,1278.4064787878929,1281.1341652507024,1272.453293268656,1236.2405557439217,1134.7317749510516,996.740809738132,3325634.05,4171268.96
 ADANIPORTS.NS,2024-03-27,1.3991352157556392,58.31831430622235,1286.4780369770258,1285.1023446390284,1275.7014710466863,1239.6350456687924,1138.4558991862411,999.9851802763409,3432432.8,4195612.92
 ADANIPORTS.NS,2024-03-28,1.5743716392156537,61.15556958572326,1296.545662178646,1290.5068809196864,1279.9691165008317,1243.6434742929941,1142.4835046595024,1003.3868200306654,3531997.05,4201132.16
 ADANIPORTS.NS,2024-04-01,1.9116849605411719,65.65562505724733,1310.9737280396305,1298.639561252484,1286.1582073339434,1248.830005670291,1147.105613961573,1007.0934190792565,3588488.9,4209648.32
 ADANIPORTS.NS,2024-04-02,2.2130680561621214,68.87709869443415,1327.9148728349817,1308.688176791682,1293.770582629435,1254.9209867974978,1152.1956022873649,1011.0442310726377,3743327.0,4261556.6
 ADANIPORTS.NS,2024-04-03,2.049421876991769,67.20689887007396,1340.5121598053258,1317.1178695897956,1300.4434451160441,1260.5005540278657,1157.0471735524045,1014.886576546262,3714651.6,4210736.38
 ADANIPORTS.NS,2024-04-04,1.5206268131648266,60.32732831464136,1345.3008535836188,1321.8542606370474,1304.7277374044245,1264.6711195791627,1161.2016844837615,1018.3886999197912,3816025.75,4176318.44
 ADANIPORTS.NS,2024-04-05,1.6002803878293228,61.542608840164895,1350.8007072644382,1326.968145226674,1309.2969187865988,1269.0193128830435,1165.4462065499865,1021.9425441875359,3817909.85,4158729.66
 ADANIPORTS.NS,2024-04-08,1.2648156049603516,55.84629504451396,1350.4096740189152,1329.0330861016635,1311.8358288270804,1272.14208588426,1169.0740049235326,1025.1933648863073,4381930.7,4295486.58
 ADANIPORTS.NS,2024-04-09,1.3306952373437944,57.094347472917036,1351.517006015476,1331.6489826634097,1314.7173882575914,1275.450239378995,1172.785410766631,1028.4899483202744,4396681.45,3966724.34
 ADANIPORTS.NS,2024-04-10,1.2820309577998308,56.17938500868859,1351.6593774359576,1333.615750869573,1317.1420760363355,1278.463957396608,1176.3401560747793,1031.7119393701037,4484997.85,3960303.52
 ADANIPORTS.NS,2024-04-12,1.1915272500777714,54.36972093481783,1350.303118115215,1334.6237699459828,1318.887745399919,1281.041839505442,1179.6641124133357,1034.8212728208675,4437170.95,3868607.46
 ADANIPORTS.NS,2024-04-15,0.9390262206703889,48.42772163987214,1343.984378244835,1332.8072250776154,1318.6724101372226,1282.3951026161355,1182.3549230354106,1037.6145939751686,4172272.55,3842380.24
 ADANIPORTS.NS,2024-04-16,0.8621122243230275,46.29754388924916,1336.7781232159443,1330.0970108403128,1317.748382101656,1283.256078026716,1184.7706666502725,1040.2686773742807,3947322.05,3786107.26
 ADANIPORTS.NS,2024-04-18,0.8062353177490893,44.63622817174292,1329.282109690886,1326.8068239820093,1316.31623156788,1283.7381945287323,1186.9643177825071,1042.8087905230752,4057056.45,3761820.18
 ADANIPORTS.NS,2024-04-19,0.9208500798084729,47.93971635205859,1325.7762715652705,1325.2061740789609,1315.9087327570492,1284.7680692530957,1189.4006679254276,1045.4674095228456,4009098.3,3630801.26
 ADANIPORTS.NS,2024-04-22,1.0156659170983047,50.388604008368034,1324.9260359326643,1324.8151075558158,1316.2436516492355,1286.1928498935995,1192.008575007814,1048.2100221204885,4338688.6,3696637.9
 ADANIPORTS.NS,2024-04-23,1.0248649790642217,50.61399103943496,1324.4122067787139,1324.5565235586846,1316.6214789999906,1287.6009724697697,1194.5846423459948,1050.935295289299,4392477.3,3685435.3
 ADANIPORTS.NS,2024-04-24,1.0088738746371249,50.220866893366505,1323.7008964553113,1324.1701879816671,1316.8717061612817,1288.8911304121316,1197.0780157648858,1053.617531157067,4362350.9,3669300.74
 ADANIPORTS.NS,2024-04-25,1.1144221899336573,52.70575551274477,1324.946196886732,1324.777793776568,1317.7541798817233,1290.5248134872686,1199.7210263205934,1056.3730785965802,4513358.95,3724150.3
 ADANIPORTS.NS,2024-04-26,1.0441546186572808,51.080021497744724,1324.8832475593147,1324.7608587107936,1318.1958441207048,1291.8610943538831,1202.1938768010953,1059.042002944733,4461101.25,3704696.82
 ADANIPORTS.NS,2024-04-29,0.9633497636665292,49.06664016234614,1323.495384366712,1324.0455388335752,1318.1348219193692,1292.8567377125544,1204.472215874341,1061.6112367462779,4323759.45,3704431.64
 ADANIPORTS.NS,2024-04-30,1.050092725971996,51.22171854320018,1323.7507734662302,1324.126918412669,1318.571286596446,1294.1133371910448,1206.8569249543352,1064.2310256782957,4230375.95,3705952.88
 ADANIPORTS.NS,2024-05-02,1.219827831473375,54.95146128804656,1326.487005350211,1325.5243594046174,1319.8763680307482,1295.8657572552443,1209.4696600805487,1066.9630557593887,4467378.4,3798124.24
 ADANIPORTS.NS,2024-05-03,0.9811341531516078,49.523862459834426,1325.362104164377,1325.02680601638,1319.9037022757402,1296.8239647679063,1211.664321243867,1069.483821859575,4355369.45,3801044.2
 ADANIPORTS.NS,2024-05-06,0.7290813999056005,42.165822843586476,1318.9235308930129,1321.6861531740462,1317.9712022045233,1296.5543956072777,1213.214531737491,1071.6775146885532,4419023.75,3771532.96
 ADANIPORTS.NS,2024-05-07,0.7141098530488807,41.660681885626886,1313.2374388059309,1318.4446171016668,1316.0149971857838,1296.2052045800929,1214.6885018895023,1073.826494884827,4382855.9,3787014.96
 ADANIPORTS.NS,2024-05-08,0.6491913610146606,39.364222755523485,1306.6942681139433,1314.5213202348414,1313.5140296254108,1295.4618632240108,1215.9273434362449,1075.8506093635851,4371570.8,3782428.96
 ADANIPORTS.NS,2024-05-09,0.49639090718283807,33.17254233503479,1295.3953191528853,1307.8573896246778,1309.0647405417149,1293.4653214829957,1216.4941296816287,1077.529210751292,3799210.1,3778851.68
 ADANIPORTS.NS,2024-05-10,0.6684753106466431,40.06504060210308,1290.187079306906,1303.9424001366133,1306.3347572809591,1292.417661816996,1217.4892954305074,1079.412004674165,3803540.15,3768179.54
 ADANIPORTS.NS,2024-05-13,0.9994674148846178,49.98668182558472,1293.1348875082072,1304.1764595916084,1306.3389680637401,1292.965989761979,1219.2499039252314,1081.6705919352585,3729130.6,3759599.16
 ADANIPORTS.NS,2024-05-14,1.2228682666233583,55.01307859691356,1300.0649079612604,1306.7548920114552,1307.9461314144667,1294.4673234968034,1221.4677276098803,1084.1539691299326,3769446.25,3763341.52
 ADANIPORTS.NS,2024-05-15,1.2867660614631924,56.27012238584004,1306.9349202566561,1309.7163285423583,1309.875411683594,1296.1686039708873,1223.772326579703,1086.6783075026294,3710316.25,3763187.76
 ADANIPORTS.NS,2024-05-16,1.3618358407861852,57.66005482975779,1313.8649436332867,1313.0814447600505,1312.1447431122733,1298.0855233770535,1226.1738656341272,1089.2491706003957,3816617.5,3817207.62
 ADANIPORTS.NS,2024-05-17,1.2324468691868655,55.206100812413304,1317.8349450039389,1315.2355882278432,1313.6644339548284,1299.5605989768505,1228.3426990111122,1091.7014171732462,3602909.95,3802665.3
 ADANIPORTS.NS,2024-05-21,1.7774146241591484,63.99529291372021,1330.13768227595,1321.9274369680486,1318.298986602904,1302.9307715659936,1231.4547247732685,1094.624786156597,3617974.8,3820655.06
 ADANIPORTS.NS,2024-05-22,1.636616039460161,62.07259665291474,1338.8762766206635,1327.2867240350797,1322.1635649621924,1305.8825040995578,1234.3605708405676,1097.4464295895848,3266746.4,3814822.02
 ADANIPORTS.NS,2024-05-23,2.397963741672054,70.57061004694756,1357.8714946143496,1338.3403670399234,1329.9820430669502,1311.2733853343177,1238.4989748949313,1100.8882559179067,3465404.5,3934933.94
 ADANIPORTS.NS,2024-05-24,1.7856059240059623,64.10116767120073,1368.458491154638,1345.7460440443058,1335.5380387133366,1315.384232010852,1242.015826393763,1104.0246909394791,4292765.9,4261770.34
 ADANIPORTS.NS,2024-05-27,1.9425383138297043,66.01573562185828,1379.9478608381698,1353.9273755080922,1341.7388119843513,1319.9436748501937,1245.7709590278284,1107.2846445063904,4263765.45,4339296.18
 ADANIPORTS.NS,2024-05-28,1.4512248948977686,59.204069684446225,1383.684613413048,1358.3628635549405,1345.5298563724577,1323.102746424696,1248.834900433218,1110.202210232695,4339035.25,4376360.44
 ADANIPORTS.NS,2024-05-29,1.5342938848381087,60.541277158790116,1388.46922915613,1363.2806860735175,1349.6892204774606,1326.5104818590216,1252.0262885434515,1113.1852728174445,4390180.8,4377854.58
 ADANIPORTS.NS,2024-05-30,1.2278837456276606,55.11435450963037,1387.5657329459245,1365.2063350188969,1351.870561091818,1328.7453649233737,1254.6297283742742,1115.8749715953804,4448010.3,4274001.08
 ADANIPORTS.NS,2024-05-31,1.6653276300701174,62.481160337737066,1396.6265132128585,1372.0819244851032,1357.3885909835758,1333.0063319622243,1258.2489421572402,1119.0742258522828,4460383.2,4294868.4
 ADANIPORTS.NS,2024-06-03,2.94619356789643,74.6591244754103,1430.685320114498,1392.2598317886052,1372.005452931208,1342.84725820574,1264.6984670882232,1123.6998549599405,5453859.45,4682343.62
 ADANIPORTS.NS,2024-06-04,0.7093840764702923,41.49939655077984,1397.6425257612937,1378.6112717298688,1364.0663883015739,1339.1650108710785,1264.3866152878995,1124.9461245739897,7859307.25,5627367.22
 ADANIPORTS.NS,2024-06-05,0.967240050693035,49.16736268928075,1389.8166075475926,1376.324481620923,1363.4556519973394,1339.7703036049945,1266.173018462118,1127.2312375193821,8729586.5,5998739.24
 ADANIPORTS.NS,2024-06-06,0.96306331024925,49.05920788295767,1383.113579115644,1374.0983358638707,1362.7778648473095,1340.287152529186,1267.8913735652816,1129.4771948691582,9255907.6,6186374.08
 ADANIPORTS.NS,2024-06-07,1.0360590817712303,50.88551167532579,1382.338378473879,1374.5508729802582,1363.8147752175437,1341.799420100039,1270.0885736052944,1131.9585160703202,9420526.2,6240943.18
 ADANIPORTS.NS,2024-06-10,1.0518421587142142,51.26330766950175,1382.64959126556,1375.4555563943406,1365.120276740807,1343.4563075011406,1272.345236480994,1134.466889530597,9561567.8,6276269.34
 ADANIPORTS.NS,2024-06-11,1.1152534270921544,52.72434086658339,1386.4314748848901,1378.1216892302962,1367.5931589621662,1345.808999409797,1274.9413694451698,1137.143337905137,9642921.2,6286514.02
 ADANIPORTS.NS,2024-06-12,1.0791653953685199,51.90377820698791,1387.798470573433,1379.6291427485417,1369.293597169244,1347.696879871055,1277.2979750239165,1139.6986275893832,9656357.3,6252911.32
 ADANIPORTS.NS,2024-06-13,1.117681291473439,52.77854113239955,1390.8260125004224,1381.9930292650495,1371.5617490403815,1349.9224905103029,1279.8158359377373,1142.3329691175672,9688826.85,6225919.68
 ADANIPORTS.NS,2024-06-14,1.2213779348328369,54.982896682313,1398.0758195315955,1386.631783732366,1375.3771169198328,1353.0902340656587,1282.8036401997995,1145.2022923220877,9730270.5,6273920.26
 ADANIPORTS.NS,2024-06-18,1.2822135066626648,56.182890116081914,1406.607488707669,1392.1906614721408,1379.868915828231,1356.6945386121035,1286.015449304754,1148.1853540900272,9915609.25,6271578.2
 ADANIPORTS.NS,2024-06-19,1.297790613304388,56.479933627985005,1414.2061315633769,1397.5439341332763,1384.2902776724782,1360.2908321729647,1289.2309854455325,1151.1725647400178,9929817.45,6306721.4
 ADANIPORTS.NS,2024-06-20,1.401402298103,58.35766456999083,1424.241384808956,1404.387371302875,1389.7812290751613,1364.5696240255568,1292.7986891874834,1154.3390071248343,10081169.5,6320879.52
 ADANIPORTS.NS,2024-06-21,1.4869482260863591,59.79007566338959,1435.3793148436912,1412.112383559744,1395.9566336509572,1369.311991710829,1296.6145567283254,1157.6341413822986,10984712.45,6801654.98
 ADANIPORTS.NS,2024-06-24,1.2992300797797351,56.50717999932398,1439.9012575993836,1416.696918458816,1400.1045927702503,1372.878188114326,1299.8548625356852,1160.6452444531217,10180195.85,6581076.4
 ADANIPORTS.NS,2024-06-25,1.271168121511382,55.96979411041858,1442.855578838416,1420.4543571212205,1403.720427069851,1376.143750322159,1302.9498162362472,1163.5855905223848,10071501.25,6609224.1
 ADANIPORTS.NS,2024-06-26,1.3372621397347522,57.214897593237595,1447.390937018363,1424.9634706171162,1407.854596215546,1379.7381149694518,1306.2141772776704,1166.6126000577651,10028854.4,6593903.06
 ADANIPORTS.NS,2024-06-27,1.4454035607454154,59.10695412191283,1454.3198575604788,1430.728854367867,1412.8639771048656,1383.8856398726105,1309.7643915890037,1169.7856090124142,10258301.05,6706306.62
 ADANIPORTS.NS,2024-06-28,1.3782946912158096,57.953065963882324,1458.6435153832895,1435.240389721969,1417.0727512004187,1387.5803197045057,1313.097769489933,1172.8534136549367,10661156.15,6869554.52
 ADANIPORTS.NS,2024-07-01,1.3455646569198136,57.36634259687405,1461.5265125863275,1438.9794002246385,1420.7777349939402,1390.9889346180544,1316.2938532624096,1175.8548722255343,10417844.2,6883077.26
 ADANIPORTS.NS,2024-07-02,1.3480508064976149,57.41148371948503,1463.9489604044384,1442.3956454971433,1424.266266645037,1394.2776028913047,1319.4335784569348,1178.829947880862,9516354.95,6866063.02
 ADANIPORTS.NS,2024-07-03,1.621929222368462,61.86014513783587,1472.4400629516426,1448.8960625368497,1429.8394123075548,1398.841227264746,1323.2200427333134,1182.131640184675,7132651.9,6876788.66
 ADANIPORTS.NS,2024-07-04,1.5334913583943042,60.528777937739335,1478.1146013993553,1454.1107255727748,1434.6013872821684,1402.9513761725625,1326.7929136576847,1185.330828087455,6237697.65,6758342.86
 ADANIPORTS.NS,2024-07-05,1.4934019522915496,59.89415188028731,1482.175574085268,1458.5239851536414,1438.8496817266657,1406.7748497019475,1330.2316668757876,1188.4663417499867,5735587.3,6723618.08
 ADANIPORTS.NS,2024-07-08,1.2228337407636116,55.01237984373635,1480.9254785839692,1460.1217055035922,1441.2013183138567,1409.462112412778,1333.1043081025666,1191.3204084870827,5550277.45,6716113.8
 ADANIPORTS.NS,2024-07-09,1.2437798973875411,55.43234872706046,1480.3935733868839,1461.8244002175359,1443.5754268097369,1412.1498727103162,1335.9735297242978,1194.1729417359675,5420947.45,6639304.74
 ADANIPORTS.NS,2024-07-10,1.32565679140756,57.00139402793098,1481.7402052852913,1464.2982715137825,1446.428628230278,1415.1165462835636,1338.979995449126,1197.0946044931036,5318907.5,6629636.52
 ADANIPORTS.NS,2024-07-11,1.2801593490049676,56.143416010096516,1482.1237998854085,1466.1603385682736,1448.8429087048366,1417.8119748836566,1341.8487079270826,1199.9478917676593,5244269.05,6621115.16
 ADANIPORTS.NS,2024-07-12,1.3068264961607623,56.650402548076585,1482.9558273920386,1468.1164921495688,1451.2852985414197,1420.5134641498614,1344.7170493774745,1202.8011460900893,5203257.85,6615072.44
 ADANIPORTS.NS,2024-07-15,1.3909682685401157,58.17594013447184,1485.1547767440543,1470.681592785622,1454.1088308179815,1423.4364674705778,1347.6939404557052,1205.709095371065,5016338.05,6493504.12
 ADANIPORTS.NS,2024-07-16,1.4343757687341812,58.92170745192815,1487.6811898502488,1473.3833505039554,1457.0082642379907,1426.4017059551877,1350.691091116545,1208.627910828349,4842258.85,6466333.96
 ADANIPORTS.NS,2024-07-18,1.3529467043428909,57.50009984695889,1488.8118870436692,1475.3373194477751,1459.3883777977373,1429.048698835928,1353.526911577882,1211.4664393217392,4781192.7,6451588.98
 ADANIPORTS.NS,2024-07-19,1.0471485433046799,51.151566247082606,1485.2642800953884,1474.7623412935227,1460.027840444859,1430.6271831493475,1355.8194489491739,1214.0319478740416,4664324.7,6433467.04
 ADANIPORTS.NS,2024-07-22,1.0273258202087774,50.673937556962684,1482.0071338209427,1474.0564017023241,1460.5002362604125,1432.067292656665,1358.0279742291098,1216.5525252642099,3455793.1,6435343.9
 ADANIPORTS.NS,2024-07-23,1.4454918725671715,59.1084308552519,1486.61492323276,1477.2272182626682,1463.5228000878658,1435.0195547323226,1360.9848455431063,1219.4460322325854,3604657.2,6503255.24
 ADANIPORTS.NS,2024-07-24,1.1528204747472064,53.54930837335963,1486.2849460682808,1477.9484402212831,1464.8955258130438,1436.9717309713735,1363.43663174677,1222.0863707061728,3547570.0,6506836.04
 ADANIPORTS.NS,2024-07-25,1.1740929103256692,54.00380566761498,1486.4149558740478,1478.810493533542,1466.32162092188,1438.933623874457,1365.883431118121,1224.722327216559,3497262.95,6501156.0
 ADANIPORTS.NS,2024-07-26,1.7546350249119862,63.69755009442853,1496.6576911696754,1484.8999703398713,1471.2524840882104,1443.0048543107528,1369.3857394128117,1227.8867816721156,3332128.95,6531379.7
 ADANIPORTS.NS,2024-07-29,1.8213597731563176,64.55609775419468,1506.1199202609844,1490.9761589905384,1476.2490948678017,1447.1497600700125,1372.9365158832882,1231.0789525129094,2851822.65,6526157.08
 ADANIPORTS.NS,2024-07-30,1.769018061412581,63.886114939609236,1513.4162983953506,1496.240334324773,1480.7652822956854,1451.0360439888357,1376.368466063817,1234.2149828361642,2823230.2,6485722.34
 ADANIPORTS.NS,2024-07-31,2.0677702041407713,67.4030343390703,1523.6860667623891,1503.2555429047052,1486.5159108194518,1455.6973765545308,1380.2007741499606,1237.555132503606,2685903.25,6499260.34
 ADANIPORTS.NS,2024-08-01,2.343249615528027,70.08898182907406,1535.770422699057,1511.5312078103582,1493.2019826642656,1460.9700294117674,1384.3581850462795,1241.0635393882874,2822154.5,6558460.54
 ADANIPORTS.NS,2024-08-02,2.271694271110261,69.43479686258561,1545.2667094810465,1518.8139499236574,1499.3179837827001,1465.951596885816,1388.3906962334818,1244.515643473976,2888777.35,6607155.24
 ADANIPORTS.NS,2024-08-05,0.9309934486842735,48.21318525542524,1535.9182124092085,1516.4364285581603,1498.9652090603286,1467.0456509524874,1390.4789987949164,1246.996582101956,3140557.2,6593679.16
 ADANIPORTS.NS,2024-08-06,0.9326811137009193,48.25840678470308,1528.3148966231593,1514.3091473227105,1498.6513230297228,1468.1066048596815,1392.5308993254316,1249.4553223356274,3189664.7,6274873.32
 ADANIPORTS.NS,2024-08-07,1.2939977441926016,56.40797805788771,1531.1303788422438,1517.1178046089403,1501.5641440489746,1471.0749752113852,1395.5263280284553,1252.384125584309,3189755.05,6209700.58
 ADANIPORTS.NS,2024-08-08,1.0836015987190541,52.00618003869958,1528.9248554163812,1517.297061312851,1502.689037981299,1472.9543879481937,1397.9713512358126,1255.037019857102,3209057.25,6177645.32
 ADANIPORTS.NS,2024-08-09,1.18809757205366,54.29819891160336,1529.8112542185165,1518.8687744095437,1504.696199971417,1475.3404922964264,1400.6610284158583,1257.8107813394008,3195934.1,6143416.48
 ADANIPORTS.NS,2024-08-12,0.9532555675402474,48.80342252092955,1524.645576072252,1517.2050839337835,1504.4835434838458,1476.3624347324123,1402.6558600197832,1260.234554902333,3556512.95,6258473.5
 ADANIPORTS.NS,2024-08-13,0.8526959855168823,46.02460372250385,1517.1554624540015,1513.9903093850303,1503.1265375282348,1476.6403765535676,1404.2557430128938,1262.4556036214328,3585130.5,6143403.04
 ADANIPORTS.NS,2024-08-14,0.7505646246229026,42.87557363296915,1507.118096766342,1509.0340847933012,1500.4699835697602,1476.06428144056,1405.3982025803984,1264.4406220050193,3609017.65,5728397.24
 ADANIPORTS.NS,2024-08-16,0.9395471628917669,48.44157341814517,1504.6329793855298,1507.5498815912606,1500.0170782537677,1476.7460724104158,1407.1418015624079,1266.7193217977244,3545112.45,4725911.06
 ADANIPORTS.NS,2024-08-19,0.958929987329599,48.95172331486978,1503.145156073956,1506.492745360843,1499.786941022678,1477.518773538316,1408.9102797724963,1269.00519870692,3483869.65,4335180.3
 ADANIPORTS.NS,2024-08-20,0.9335965874451484,48.282904174893325,1501.2187729383504,1505.1648695005842,1499.3200447520617,1478.1082353143872,1410.5665128231028,1271.2295255737977,3447338.75,4111916.36
 ADANIPORTS.NS,2024-08-21,1.0134787313908389,50.33471253459747,1501.633541495014,1505.0063105005286,1499.589719284187,1479.1039907922545,1412.4067798959127,1273.5406745730634,3225549.9,4025264.72
 ADANIPORTS.NS,2024-08-22,0.9315138770358045,48.22713872837151,1499.9365428283068,1503.796190341252,1499.119417964441,1479.6214832642495,1413.9888248252635,1275.7173847646561,3187581.0,3957241.32
 ADANIPORTS.NS,2024-08-23,0.9243258995429804,48.03375040384293,1498.36627119191,1502.6060816257161,1498.6149425362917,1480.0794662275387,1415.5197401520527,1277.862485899616,3136044.35,3898405.26
 ADANIPORTS.NS,2024-08-26,0.8616714633613043,46.28482953729819,1495.4905943984945,1500.695983264041,1497.5784977809262,1480.1763518197185,1416.8470729971234,1279.899178068059,2965360.8,3854981.1
 ADANIPORTS.NS,2024-08-27,0.832500893941954,45.429767412071136,1492.374118250757,1498.5677920566025,1496.3379479618948,1480.1047292223154,1418.0649522563078,1281.8738128692319,2914432.15,3816399.2
 ADANIPORTS.NS,2024-08-28,0.7749851438839984,43.661500297866525,1488.2697419920964,1495.8280069872237,1494.6258254371355,1479.7006241088177,1419.0894096141656,1283.7437256648427,2835643.15,3727871.4
 ADANIPORTS.NS,2024-08-29,0.8293733062707861,45.336471425915796,1486.047979598647,1493.9443919244525,1493.4273882365542,1479.5574642938886,1420.217343063947,1285.657221417711,2872534.5,3682030.44
 ADANIPORTS.NS,2024-08-30,0.8841963451603121,46.92697485755299,1485.2938059287226,1492.7973093044154,1492.6836873447805,1479.6493293966407,1421.4387822986027,1287.6098861241426,2614334.7,3632267.44
 ADANIPORTS.NS,2024-09-02,1.011360127952791,50.282399153560675,1486.9676593962274,1492.9594703230425,1492.8008688064078,1480.231708635988,1422.885539084769,1289.66849422241,2501382.05,3575240.26
 ADANIPORTS.NS,2024-09-03,0.8699970556339258,46.5239799716689,1485.6190029292995,1491.6823825616218,1491.9459771949057,1480.2049768788172,1424.0076085846376,1291.5578629249544,2188144.45,3075051.96
 ADANIPORTS.NS,2024-09-04,0.8092899215372411,44.729698203902984,1483.160997957779,1489.8173914210804,1490.665589994327,1479.8871336908612,1424.9599326836733,1293.3543018569046,2086249.45,3037294.76
 ADANIPORTS.NS,2024-09-05,0.75913630074111,43.15392163877762,1479.9590072069327,1487.506215936037,1489.0452324997334,1479.324895068793,1425.763697359801,1295.0676923740311,2021325.2,2989630.16
 ADANIPORTS.NS,2024-09-06,0.6142457634616562,38.05156422677807,1473.1301012445927,1483.2103881720393,1486.0358642361418,1477.8768609254703,1426.093129578697,1296.5336857276634,2064957.4,2992086.52
 ADANIPORTS.NS,2024-09-09,0.580730584022442,36.7381127367494,1466.3609963663143,1478.7046392427083,1482.80129392504,1476.2307104740426,1426.287325516031,1297.9204154658364,2070874.3,2868445.78
 ADANIPORTS.NS,2024-09-10,0.7389314128876834,42.49341908549504,1464.0044560113595,1476.2946759256943,1480.9044378275578,1475.3353894520826,1426.8242106427247,1299.467476251391,1686488.6,2668606.48
 ADANIPORTS.NS,2024-09-11,0.6047058240776201,37.683282194429815,1457.9309141158283,1471.9427997028602,1477.6589886506792,1473.5810594965476,1426.8989782653625,1300.7722772397944,1644096.1,2633903.8
 ADANIPORTS.NS,2024-09-12,0.9650598555555,49.11096488115312,1460.5980162013025,1472.005387882201,1477.3326007110186,1473.5425856177003,1427.8039485093343,1302.4820055815471,1711876.95,2606606.04
 ADANIPORTS.NS,2024-09-13,0.8113722663767073,44.79323667683714,1459.0529179075997,1470.1096343301758,1475.7046894126263,1472.7016989497881,1428.2850579563956,1303.9707416014915,1696788.4,2551565.66
 ADANIPORTS.NS,2024-09-16,0.7407275554327931,42.55275635299677,1455.7160148647408,1467.3087121246233,1473.4463192035457,1471.4467284486936,1428.530897426009,1305.331231248958,1713309.3,2525424.96
 ADANIPORTS.NS,2024-09-17,0.6637504486689482,39.89483213663257,1450.422189541322,1463.4316895971294,1470.4239744540228,1469.6880322579975,1428.4926613499679,1306.5378854214653,1729842.95,2509618.62
 ADANIPORTS.NS,2024-09-18,0.6812129537166844,40.519135437941756,1446.4908912298315,1460.1334380953194,1467.7385598975134,1468.0845819274143,1428.4987482307233,1307.754424360835,1723341.45,2494490.32
 ADANIPORTS.NS,2024-09-19,0.5792206493181635,36.677626370212735,1439.5289021283847,1455.187391721658,1463.897359334569,1465.7361650350401,1428.0967918533204,1308.7538823390544,1754881.85,2490815.08
 ADANIPORTS.NS,2024-09-20,0.8179466651585274,44.99288570092354,1439.3781837726556,1453.6171592883454,1462.2717200982663,1464.6759213541318,1428.306755404183,1310.0468780488336,1916185.65,2537316.52
 ADANIPORTS.NS,2024-09-23,0.9650362249497493,49.11035291343943,1442.4276093438204,1453.8583845384137,1461.876771989608,1464.3415724545214,1428.8581072657648,1311.5006406992338,1918828.55,2524804.9
 ADANIPORTS.NS,2024-09-24,0.9695750065100083,49.227625416919174,1445.0135029929552,1454.1242550027612,1461.5395624686053,1464.0399431196015,1429.4084422588003,1312.9449131740084,1950190.7,2515172.34
 ADANIPORTS.NS,2024-09-25,0.9322113295780773,48.24582670165988,1446.3837840538952,1453.9743306051769,1460.9595938466389,1463.5893590297396,1429.8666918938363,1314.3340190014126,1950325.95,2501466.56
 ADANIPORTS.NS,2024-09-26,1.135159153798297,53.16508381957988,1451.1503643324481,1455.7482015557255,1461.7105862169162,1463.9427165417476,1430.7128955313037,1315.9088046390696,1885683.15,2499400.16
 ADANIPORTS.NS,2024-09-27,0.9674744038560322,49.173417552974996,1452.1593801214347,1455.8388443763113,1461.387319439817,1463.6586865272427,1431.2274906925031,1317.3097115697444,1920558.55,2488013.78
 ADANIPORTS.NS,2024-09-30,0.891645488109459,47.13597202616352,1451.4394839487873,1455.1113307377937,1460.5365214870467,1463.052461611346,1431.5635790188273,1318.6121020135467,1919966.75,2477497.08
 ADANIPORTS.NS,2024-10-01,1.083300211807163,51.999236867904514,1454.3595777762803,1456.291204000861,1460.9857781653018,1463.2268748814893,1432.2751913154843,1320.0935736353026,1960232.6,2476827.76
 ADANIPORTS.NS,2024-10-03,0.7458882698839739,42.72256608571769,1449.05782748457,1453.3301323028625,1458.6770151334679,1461.7356229713084,1432.1350875502644,1321.1394082376567,2102526.7,2436442.56
 ADANIPORTS.NS,2024-10-04,0.6835541014919696,40.60184943781743,1442.6291227004435,1449.5558293380066,1455.7752690714299,1459.8518711360366,1431.7700353447517,1322.060408664863,2185097.45,2444641.14
 ADANIPORTS.NS,2024-10-07,0.4688877454911797,31.92127832303406,1426.7329096952492,1440.5695552269465,1449.286538884362,1455.7478742746969,1430.2537960541995,1322.3901553564751,2244650.15,2491041.4
 ADANIPORTS.NS,2024-10-08,0.835128944045748,45.50791631048074,1425.2451168103175,1438.4724593794397,1447.303539525895,1454.2891360218903,1430.0220386833862,1323.3469702168895,2315140.1,2461650.24
 ADANIPORTS.NS,2024-10-09,0.7843428412764993,43.95695844613522,1422.1369181928167,1435.5846084303562,1444.7775062928738,1452.4797590960932,1429.5889294899343,1324.1907817014387,2313375.6,2453227.66
 ADANIPORTS.NS,2024-10-10,0.8413312775462668,45.69146724468904,1421.2392878253727,1433.8336886914533,1442.9983091882932,1451.096237216712,1429.3436031866063,1325.116246074279,2312920.55,2429779.94
 ADANIPORTS.NS,2024-10-11,0.7931893056155362,44.23343944398907,1418.8775991298503,1431.397146911315,1440.7564827890485,1449.4159926199784,1428.9259080740003,1325.9434476058782,2170677.3,2400515.66
 ADANIPORTS.NS,2024-10-14,0.8073044414971831,44.668979003250094,1417.3180445295366,1429.3878994748206,1438.7915515657633,1447.8820340399059,1428.5570791780422,1326.7828167722687,2124619.3,2272551.58
 ADANIPORTS.NS,2024-10-15,0.8814534830044204,46.84960276545671,1417.8602271292798,1428.522389889421,1437.5985513891417,1446.8003875610125,1428.3935736265587,1327.7133364942174,2091852.9,2206655.18
 ADANIPORTS.NS,2024-10-16,0.7788362445664486,43.78347062274259,1415.3038310745242,1426.1678812169166,1435.4180028368182,1445.1140997675661,1427.9065731355006,1328.470418208983,2098310.35,2092719.88
 ADANIPORTS.NS,2024-10-17,0.7284656806347569,42.145220978135775,1411.5576710922242,1423.1709354983414,1432.7910317616609,1443.137074332441,1427.2490162649337,1329.1294185369718,2098183.1,2057897.68
 ADANIPORTS.NS,2024-10-18,0.8118907853086234,44.80903550543375,1410.4744537274448,1421.4975107447792,1431.0367700729046,1441.6650312443428,1426.820322390102,1329.8903196021358,2059042.75,2038530.16
 ADANIPORTS.NS,2024-10-21,0.6505033697472331,39.41242300201148,1404.1154621406365,1417.1167954357527,1427.4537526488464,1439.0703241367216,1425.8040783823772,1330.3441472677862,1920904.3,2022055.34
 ADANIPORTS.NS,2024-10-22,0.5968102961615329,37.375153303818614,1396.6126464034185,1411.9485268786275,1423.2857670318845,1436.0812908602204,1424.557462485418,1330.6675883455787,1987273.5,2041340.66
 ADANIPORTS.NS,2024-10-23,0.5156464598301234,34.02155274970379,1386.4012472704105,1405.1391387160795,1417.9415208473679,1432.3310422449913,1422.8919672118823,1330.764925289124,2006219.1,1895054.8
 ADANIPORTS.NS,2024-10-24,0.6068557212440555,37.76665902363762,1380.5828431147108,1400.3068421158873,1413.842069464574,1429.2749238986805,1421.5356911168758,1331.0001004047951,2000628.45,1867665.74
 ADANIPORTS.NS,2024-10-25,0.4849524411568161,32.65777594729066,1369.3314082160134,1392.5347572640767,1407.7038682844,1424.9386504584136,1419.499339830836,1330.8777108601892,2001192.45,1856270.08
 ADANIPORTS.NS,2024-10-28,0.6879497703847289,40.75653093799864,1366.2165978443518,1388.6933471600576,1404.1229704061727,1422.0861524471768,1418.1666786692724,1331.0898724553304,1972808.0,1859092.0
 ADANIPORTS.NS,2024-10-29,0.8217275740320562,45.1070503485499,1367.395389358447,1387.1701665897544,1402.0956788426697,1420.149438671675,1417.2663474317,1331.5039030893258,2060214.0,1908034.82
 ADANIPORTS.NS,2024-10-30,0.9868791590225651,49.66981280874953,1372.6325824154337,1388.030146073766,1401.7153093155218,1419.2102430834475,1416.8491910701193,1332.1476448612916,2102168.45,1938759.64
 ADANIPORTS.NS,2024-10-31,0.8557310886971888,46.1128820823901,1373.2357403711503,1386.879651321205,1400.0530281449642,1417.5137610476995,1416.0393051315402,1332.583488705178,1998358.85,1945566.14
 ADANIPORTS.NS,2024-11-01,0.9861245091022288,49.65068929882842,1377.0837920153162,1387.5958773300488,1399.6883182268414,1416.6073400032433,1415.6108045232734,1333.1985786127293,1879984.35,1921602.48
 ADANIPORTS.NS,2024-11-04,0.7339216718372822,42.32726793590456,1372.0231025579858,1383.9438890129013,1396.4342331799485,1413.9658756893907,1414.2967291861787,1333.3582942484236,1738408.7,1931987.14
 ADANIPORTS.NS,2024-11-05,0.6544724108390847,39.5577711995307,1364.2643521994314,1378.7444686865238,1392.10621656098,1410.6476050970984,1412.6146152535007,1333.3184104806378,1829498.1,2007305.16
 ADANIPORTS.NS,2024-11-06,0.8926122383778539,47.16297508162085,1365.3071972540802,1377.9116621449502,1390.680009040917,1409.0535813678005,1411.7707614861047,1333.683401421129,1936398.45,2062014.18
 ADANIPORTS.NS,2024-11-07,0.8066105213586622,44.647726326316885,1363.087702405327,1375.5486443774253,1388.255490753499,1406.8593223175315,1410.6089637455073,1333.8766011640625,1919613.4,2063368.04
 ADANIPORTS.NS,2024-11-08,0.8618671197014346,46.29047425466335,1362.9081157108924,1374.267818778236,1386.5680381620436,1405.1040538182533,1409.6483897225455,1334.1574307603,1931697.5,2024180.86
 ADANIPORTS.NS,2024-11-11,0.787892905481333,44.06823826336611,1360.1793718387414,1371.7566002673623,1384.0733275976577,1402.8607585475008,1408.4256498154468,1334.2941729857107,1957053.2,2009638.98
 ADANIPORTS.NS,2024-11-12,0.6895885973537018,40.81399450930018,1353.9649405953337,1367.3988288133278,1380.3266613010346,1399.8466111534813,1406.7934587299924,1334.211643901276,1958031.45,1989314.94
 ADANIPORTS.NS,2024-11-13,0.5589325429116923,35.85354257008116,1341.9531376532843,1359.827514108636,1374.3636524696171,1395.456548928406,1404.4391332979937,1333.7508317670747,1957361.8,2000406.82
 ADANIPORTS.NS,2024-11-14,0.4968065684844264,33.191100235981864,1327.8798487759825,1350.7534697962064,1367.2789038475855,1390.3229606891794,1401.6690524174023,1333.0622667627072,2034569.4,2037225.66
 ADANIPORTS.NS,2024-11-18,0.5724208952959787,36.40379601978205,1319.047157876372,1343.9483820849607,1361.6028486850396,1385.9691210083538,1399.245903831476,1332.5273193205721,2042348.0,2046939.28
 ADANIPORTS.NS,2024-11-19,0.6295603482829581,38.6337547392041,1313.7022245195885,1338.7771099258275,1356.9607309901378,1382.191901534068,1397.0756883974677,1332.1006795702585,2091717.8,2032759.5
 ADANIPORTS.NS,2024-11-21,0.30854058007603913,23.578984463600648,1277.5109154094928,1317.4316732104214,1341.327782178778,1371.7000632156364,1391.4831009918557,1329.9369914592517,4314687.2,2938865.82
 ADANIPORTS.NS,2024-11-22,0.3778884041012984,27.425182110286286,1251.9180216986758,1300.2238948094289,1328.1292155865988,1362.4863352463958,1386.4388811702347,1328.0147328377666,5573184.65,3449733.22
 ADANIPORTS.NS,2024-11-25,0.47943629551348454,32.40668739623433,1236.442026631303,1287.5168618588284,1317.7208822473424,1354.8123632299933,1382.08959736148,1326.4106066287154,6044019.4,3627635.06
 ADANIPORTS.NS,2024-11-26,0.4212567996447651,29.63973855745533,1216.8798355321455,1272.405729832839,1305.5356624627357,1345.9510931263048,1377.0749513857265,1324.4448292054042,6230233.45,3663612.68
 ADANIPORTS.NS,2024-11-27,0.6660957794861443,39.979441019386115,1213.801674739369,1265.5051794841756,1298.7236810891318,1340.2255581476998,1373.5675256389177,1323.2060742000956,7345623.45,4118626.02
 ADANIPORTS.NS,2024-11-28,0.5947447318591216,37.294039602550065,1205.4013658023814,1256.18087435101,1290.2640871857,1333.4559274590033,1369.4889602913338,1321.6577548109,7936220.5,4397199.3
 ADANIPORTS.NS,2024-11-29,0.6748004136555185,40.291392822304076,1202.6102172616074,1249.8827004916877,1283.798665356179,1327.8321675126942,1365.935714519785,1320.3482253981363,8280518.8,4559029.98
 ADANIPORTS.NS,2024-12-02,0.7736867564107843,43.62025896705738,1205.0083684555198,1246.6367336665867,1279.4116578382402,1323.4387510936915,1362.9627310407423,1319.3079450342555,8532987.0,4669424.36
 ADANIPORTS.NS,2024-12-03,1.0749687494714346,51.80650309771006,1220.215942266164,1250.6379994520605,1280.0076814882932,1322.0744873023334,1361.4911922956594,1319.0028910977362,9358490.85,4963046.08
 ADANIPORTS.NS,2024-12-04,0.9906934056872887,49.766247421975606,1229.1857798228841,1252.4391470116857,1279.3329955102179,1320.0147054013842,1359.670575593332,1318.5108230154515,9517176.7,4972383.56
 ADANIPORTS.NS,2024-12-05,1.0238460236051439,50.58912642876522,1237.8883741874733,1254.7830424227752,1279.1857086275024,1318.3298169083153,1358.0345255583773,1318.098277998662,9493024.65,5036983.6
 ADANIPORTS.NS,2024-12-06,0.9430399774368082,48.53425500183656,1241.7359513948645,1255.1894239851895,1277.8866338017363,1316.0051201208569,1356.0744369102533,1317.5107334298011,9422375.45,5050888.08
 ADANIPORTS.NS,2024-12-09,0.9798708418924895,49.49165476652331,1246.3021376114232,1256.29995270907,1277.1745913362008,1314.0774673939973,1354.3076158939302,1317.0066462870761,9500213.6,5083323.1
 ADANIPORTS.NS,2024-12-10,0.897283455881829,47.29306277879206,1246.7472035002552,1255.5809095939205,1275.3407467338652,1311.515605927566,1352.2173660742485,1316.3274756772546,9550534.4,5090121.36
 ADANIPORTS.NS,2024-12-11,0.8347050634541274,45.49532674655951,1244.3931753780496,1253.5065419019402,1272.6607017076885,1308.4679370217057,1349.872468703038,1315.5063072508951,9616831.25,5088148.06
 ADANIPORTS.NS,2024-12-12,0.8859484406271041,46.97628108711784,1244.321688945677,1252.6011569588982,1270.8116241781604,1305.9397826286977,1347.775984174265,1314.79480170611,9837794.25,5156445.94
 ADANIPORTS.NS,2024-12-13,0.9722430550307858,49.29631023675272,1247.163191168622,1253.3010421220388,1270.1108710809808,1304.1362598264693,1346.0368548078811,1314.2490818002968,9906855.2,5179055.86
 ADANIPORTS.NS,2024-12-16,0.8855599656615132,46.96535680586701,1246.4335244859747,1252.334278530803,1268.371461618599,1301.7446427514728,1343.9994918297857,1313.541628492971,9825585.75,5126449.28
 ADANIPORTS.NS,2024-12-17,0.8320611007089939,45.41666762025527,1243.791069927445,1250.3881590911133,1266.0184656699194,1299.0056381107902,1341.779700395811,1312.7292742235293,9887540.2,5127916.38
 ADANIPORTS.NS,2024-12-18,0.7387168229730834,42.486321706482926,1237.6563388184777,1246.5464343041622,1262.407600067223,1295.517183629117,1339.1711924439755,1311.7075903887492,9852544.8,5075917.36
 ADANIPORTS.NS,2024-12-19,0.718649973220718,41.814795590633345,1231.7188226696635,1242.5896310370993,1258.7038839338538,1291.9674901534654,1336.5143371480551,1310.6458233202045,7583274.0,5046119.38
 ADANIPORTS.NS,2024-12-20,0.6356199224910645,38.8611017603044,1222.760846033702,1236.8620424785065,1253.784275368565,1287.672684703207,1333.4635572277348,1309.3702425028082,6381224.85,5076872.92
 ADANIPORTS.NS,2024-12-23,0.6872106002276873,40.730576262083055,1217.1316101781424,1232.570424035613,1249.7852930111173,1283.9129734924195,1330.6583392396235,1308.2003898294283,5931630.25,5075118.94
 ADANIPORTS.NS,2024-12-24,0.6501244365304668,39.3985097207221,1210.78039944973,1227.7732361438286,1245.4249483763276,1279.924227519065,1327.718569178876,1306.946654121393,5710541.4,5079558.32
 ADANIPORTS.NS,2024-12-26,1.0239491899241624,50.591645038407805,1216.8112270355746,1229.3138756703092,1245.3297872663632,1278.5134715838813,1326.0597846638857,1306.3198212562238,4680183.2,5140851.58
 ADANIPORTS.NS,2024-12-27,0.9425299895633139,48.52074328979586,1219.336449605811,1229.4458828609345,1244.3859268731703,1276.6384315677242,1324.1714711293903,1305.5673847379717,4029816.85,5172384.88
 ADANIPORTS.NS,2024-12-30,0.8736470990868027,46.628156364803694,1219.1843678592998,1228.4034178265597,1242.7158670749013,1274.3584930748723,1322.0789667505906,1304.7010426012755,3974806.15,5309628.3
 ADANIPORTS.NS,2024-12-31,0.9549324864560913,48.847338364466815,1221.3508419914156,1228.6602328512622,1241.9664547207747,1272.6620806243259,1320.2774025691122,1303.9686936757498,3713599.35,5315590.86